{
  "rec_std": {
    "mean": 0.0009670013678260148,
    "p95": 0.00100950978230685
  },
  "emitter_std": {
    "mean": 0.1350736767053604,
    "p95": 0.13507752120494843
  },
  "lp_std": {
    "mean": 0.13885951042175293,
    "p95": 0.13887523114681244
  },
  "rec_nll": 74786.515625
}