{
  "rec_std": {
    "mean": 0.0009003301383927464,
    "p95": 0.0009449612116441131
  },
  "emitter_std": {
    "mean": 0.1330687701702118,
    "p95": 0.13307377696037292
  },
  "lp_std": {
    "mean": 0.14756757020950317,
    "p95": 0.14759968221187592
  },
  "rec_nll": 90390.5
}