{
  "rec_std": {
    "mean": 0.0012323276605457067,
    "p95": 0.0012939239386469126
  },
  "emitter_std": {
    "mean": 0.13537836074829102,
    "p95": 0.13537970185279846
  },
  "lp_std": {
    "mean": 0.13618628680706024,
    "p95": 0.13620306551456451
  },
  "rec_nll": 47653.28125
}