{
  "rec_std": {
    "mean": 0.02567455545067787,
    "p95": 0.06474217027425766
  },
  "lp_std": {
    "mean": 0.13908016681671143,
    "p95": 0.1391822248697281
  },
  "rec_nll": 115.28927612304688
}