{
  "rec_std": {
    "mean": 0.0008943176362663507,
    "p95": 0.0009387207101099193
  },
  "emitter_std": {
    "mean": 0.13258418440818787,
    "p95": 0.13258954882621765
  },
  "lp_std": {
    "mean": 0.1491646021604538,
    "p95": 0.14920486509799957
  },
  "rec_nll": 90790.4921875
}