{
  "rec_std": {
    "mean": 0.02092466503381729,
    "p95": 0.05224011093378067
  },
  "lp_std": {
    "mean": 0.13690797984600067,
    "p95": 0.1369386464357376
  },
  "rec_nll": 14.55997371673584
}