{
  "rec_std": {
    "mean": 0.0008839551010169089,
    "p95": 0.0009305606363341212
  },
  "emitter_std": {
    "mean": 0.13165897130966187,
    "p95": 0.13166415691375732
  },
  "lp_std": {
    "mean": 0.15199939906597137,
    "p95": 0.1522091180086136
  },
  "rec_nll": 93434.5078125
}