{
  "rec_std": {
    "mean": 0.02838946506381035,
    "p95": 0.07243099063634872
  },
  "lp_std": {
    "mean": 0.13733477890491486,
    "p95": 0.13738007843494415
  },
  "rec_nll": 8.35733413696289
}