{
  "rec_std": {
    "mean": 0.0008805927936919034,
    "p95": 0.0009314495255239308
  },
  "emitter_std": {
    "mean": 0.1311076283454895,
    "p95": 0.1311131715774536
  },
  "lp_std": {
    "mean": 0.15359707176685333,
    "p95": 0.15464584529399872
  },
  "rec_nll": 93515.21875
}