{
  "rec_std": {
    "mean": 0.000880808976944536,
    "p95": 0.0009330432512797415
  },
  "emitter_std": {
    "mean": 0.13126523792743683,
    "p95": 0.1312708705663681
  },
  "lp_std": {
    "mean": 0.15314771234989166,
    "p95": 0.15367205440998077
  },
  "rec_nll": 93404.0234375
}