{
  "rec_std": {
    "mean": 0.3108849823474884,
    "p95": 1.4186562299728394
  },
  "emitter_std": {
    "mean": 0.12566709518432617,
    "p95": 0.1259111762046814
  },
  "lp_std": {
    "mean": 0.12051941454410553,
    "p95": 0.12681594491004944
  },
  "psf_std": {
    "mean": 0.1262148767709732,
    "p95": 0.12621620297431946
  },
  "rec_nll": -1.1387239694595337
}