{
  "rec_std": {
    "mean": 0.035396967083215714,
    "p95": 0.1094542145729065
  },
  "lp_std": {
    "mean": 0.14298446476459503,
    "p95": 0.14326806366443634
  },
  "rec_nll": 625.1506958007812
}