{
  "rec_std": {
    "mean": 0.3013080656528473,
    "p95": 1.0406147241592407
  },
  "emitter_std": {
    "mean": 0.12505240738391876,
    "p95": 0.12533505260944366
  },
  "lp_std": {
    "mean": 0.11955666542053223,
    "p95": 0.12625478208065033
  },
  "psf_std": {
    "mean": 0.12563812732696533,
    "p95": 0.1256394237279892
  },
  "rec_nll": -0.8435816168785095
}