{
  "rec_std": {
    "mean": 0.30269432067871094,
    "p95": 0.482597678899765
  },
  "emitter_std": {
    "mean": 0.1318032443523407,
    "p95": 0.13187333941459656
  },
  "lp_std": {
    "mean": 0.12812049686908722,
    "p95": 0.13037922978401184
  },
  "psf_std": {
    "mean": 0.13176248967647552,
    "p95": 0.1317622810602188
  },
  "rec_nll": -1.0149495601654053
}