{
  "rec_std": {
    "mean": 0.024758275598287582,
    "p95": 0.07591956853866577
  },
  "lp_std": {
    "mean": 0.13766621053218842,
    "p95": 0.13773837685585022
  },
  "rec_nll": 87.57118225097656
}