{
  "rec_std": {
    "mean": 0.30234697461128235,
    "p95": 0.3563506305217743
  },
  "emitter_std": {
    "mean": 0.13460980355739594,
    "p95": 0.13462287187576294
  },
  "lp_std": {
    "mean": 0.13447126746177673,
    "p95": 0.1345633566379547
  },
  "psf_std": {
    "mean": 0.13469800353050232,
    "p95": 0.13469825685024261
  },
  "rec_nll": -0.9688248038291931
}