{
  "rec_std": {
    "mean": 0.3077886998653412,
    "p95": 0.6764425039291382
  },
  "emitter_std": {
    "mean": 0.1308944821357727,
    "p95": 0.13099631667137146
  },
  "lp_std": {
    "mean": 0.1263982206583023,
    "p95": 0.13049721717834473
  },
  "psf_std": {
    "mean": 0.13086552917957306,
    "p95": 0.13086524605751038
  },
  "rec_nll": -1.1114978790283203
}