{
  "rec_std": {
    "mean": 0.0008850417798385024,
    "p95": 0.0009317558142356575
  },
  "emitter_std": {
    "mean": 0.131755992770195,
    "p95": 0.13176117837429047
  },
  "lp_std": {
    "mean": 0.15171141922473907,
    "p95": 0.1518174111843109
  },
  "rec_nll": 92964.9140625
}