{
  "rec_std": {
    "mean": 0.0008954305667430162,
    "p95": 0.0009400785784237087
  },
  "emitter_std": {
    "mean": 0.13268455862998962,
    "p95": 0.13268975913524628
  },
  "lp_std": {
    "mean": 0.1488366723060608,
    "p95": 0.14886988699436188
  },
  "rec_nll": 91402.6640625
}