{
  "rec_std": {
    "mean": 0.03171248733997345,
    "p95": 0.08025528490543365
  },
  "lp_std": {
    "mean": 0.1393572986125946,
    "p95": 0.13947385549545288
  },
  "rec_nll": 144.86143493652344
}