{
  "rec_std": {
    "mean": 0.04255647584795952,
    "p95": 0.059212297201156616
  },
  "emitter_std": {
    "mean": 0.1367039531469345,
    "p95": 0.13694599270820618
  },
  "rec_nll": 14.919859886169434
}