{
  "rec_std": {
    "mean": 0.2975414991378784,
    "p95": 0.9590780735015869
  },
  "emitter_std": {
    "mean": 0.1318911612033844,
    "p95": 0.13195200264453888
  },
  "lp_std": {
    "mean": 0.1302010416984558,
    "p95": 0.13272911310195923
  },
  "psf_std": {
    "mean": 0.1319585144519806,
    "p95": 0.13195841014385223
  },
  "rec_nll": -0.9892261624336243
}