{
  "rec_std": {
    "mean": 0.0009033005917444825,
    "p95": 0.0009476813720539212
  },
  "emitter_std": {
    "mean": 0.1332707703113556,
    "p95": 0.1332758069038391
  },
  "lp_std": {
    "mean": 0.14687272906303406,
    "p95": 0.14690062403678894
  },
  "rec_nll": 89914.6953125
}