{
  "rec_std": {
    "mean": 0.0008936453377828002,
    "p95": 0.0009385663433931768
  },
  "emitter_std": {
    "mean": 0.1325332373380661,
    "p95": 0.1325383484363556
  },
  "lp_std": {
    "mean": 0.14932861924171448,
    "p95": 0.14937883615493774
  },
  "rec_nll": 91297.9765625
}