{
  "rec_std": {
    "mean": 0.2812842130661011,
    "p95": 0.6286380290985107
  },
  "emitter_std": {
    "mean": 0.12523262202739716,
    "p95": 0.12542571127414703
  },
  "lp_std": {
    "mean": 0.11798755824565887,
    "p95": 0.12540122866630554
  },
  "psf_std": {
    "mean": 0.12537792325019836,
    "p95": 0.12537959218025208
  },
  "rec_nll": -1.1705204248428345
}