{
  "rec_std": {
    "mean": 0.04195011034607887,
    "p95": 0.057603031396865845
  },
  "emitter_std": {
    "mean": 0.13668686151504517,
    "p95": 0.13695213198661804
  },
  "rec_nll": 8.392521858215332
}