{
  "rec_std": {
    "mean": 0.0008860719972290099,
    "p95": 0.0009337480878457427
  },
  "emitter_std": {
    "mean": 0.1319074034690857,
    "p95": 0.1319127082824707
  },
  "lp_std": {
    "mean": 0.1512589454650879,
    "p95": 0.1513405740261078
  },
  "rec_nll": 93186.359375
}