{
  "rec_std": {
    "mean": 0.0008901586406864226,
    "p95": 0.0009373046923428774
  },
  "emitter_std": {
    "mean": 0.1322852522134781,
    "p95": 0.13229043781757355
  },
  "lp_std": {
    "mean": 0.1501082181930542,
    "p95": 0.15020111203193665
  },
  "rec_nll": 92538.6875
}