{
  "rec_std": {
    "mean": 0.029858021065592766,
    "p95": 0.08621841669082642
  },
  "lp_std": {
    "mean": 0.1433691680431366,
    "p95": 0.14367519319057465
  },
  "rec_nll": 2184.153076171875
}