{
  "rec_std": {
    "mean": 0.0008880504174157977,
    "p95": 0.0009687009151093662
  },
  "emitter_std": {
    "mean": 0.1305067241191864,
    "p95": 0.1305120289325714
  },
  "lp_std": {
    "mean": 0.15526409447193146,
    "p95": 0.15881016850471497
  },
  "rec_nll": 92127.6015625
}