{
  "rec_std": {
    "mean": 0.02638973854482174,
    "p95": 0.06674043089151382
  },
  "lp_std": {
    "mean": 0.13714741170406342,
    "p95": 0.1371895968914032
  },
  "rec_nll": 9.227553367614746
}