{
  "rec_std": {
    "mean": 0.0010457747848704457,
    "p95": 0.0010882141068577766
  },
  "emitter_std": {
    "mean": 0.1353173851966858,
    "p95": 0.1353202611207962
  },
  "lp_std": {
    "mean": 0.1369175761938095,
    "p95": 0.13693363964557648
  },
  "rec_nll": 63320.25390625
}