{
  "rec_std": {
    "mean": 0.0009313097107224166,
    "p95": 0.0009749644086696208
  },
  "emitter_std": {
    "mean": 0.1345120221376419,
    "p95": 0.13451693952083588
  },
  "lp_std": {
    "mean": 0.14194355905056,
    "p95": 0.14196304976940155
  },
  "rec_nll": 83603.5234375
}