{
  "rec_std": {
    "mean": 0.3278396725654602,
    "p95": 0.8684444427490234
  },
  "emitter_std": {
    "mean": 0.13227184116840363,
    "p95": 0.1323569118976593
  },
  "lp_std": {
    "mean": 0.12921780347824097,
    "p95": 0.13207781314849854
  },
  "psf_std": {
    "mean": 0.1322639137506485,
    "p95": 0.1322638988494873
  },
  "rec_nll": -1.0414469242095947
}