{
  "rec_std": {
    "mean": 0.02833670750260353,
    "p95": 0.07224351912736893
  },
  "lp_std": {
    "mean": 0.13729678094387054,
    "p95": 0.13733826577663422
  },
  "rec_nll": 8.76424789428711
}