{
  "rec_std": {
    "mean": 0.000908408488612622,
    "p95": 0.0009530986426398158
  },
  "emitter_std": {
    "mean": 0.1335686892271042,
    "p95": 0.13357412815093994
  },
  "lp_std": {
    "mean": 0.14581121504306793,
    "p95": 0.1458469033241272
  },
  "rec_nll": 88104.21875
}