{
  "rec_std": {
    "mean": 0.0008838724461384118,
    "p95": 0.0009309962042607367
  },
  "emitter_std": {
    "mean": 0.1315755397081375,
    "p95": 0.13158084452152252
  },
  "lp_std": {
    "mean": 0.15224647521972656,
    "p95": 0.15275713801383972
  },
  "rec_nll": 93037.234375
}