{
  "rec_std": {
    "mean": 0.0008964392472989857,
    "p95": 0.0009409026824869215
  },
  "emitter_std": {
    "mean": 0.13274766504764557,
    "p95": 0.13275310397148132
  },
  "lp_std": {
    "mean": 0.14863185584545135,
    "p95": 0.14866869151592255
  },
  "rec_nll": 90974.578125
}