{
  "rec_std": {
    "mean": 0.3102160096168518,
    "p95": 0.4872024357318878
  },
  "emitter_std": {
    "mean": 0.13322217762470245,
    "p95": 0.133272185921669
  },
  "lp_std": {
    "mean": 0.13241302967071533,
    "p95": 0.1336921751499176
  },
  "psf_std": {
    "mean": 0.1333170384168625,
    "p95": 0.1333169937133789
  },
  "rec_nll": -0.9972258806228638
}