{
  "rec_std": {
    "mean": 0.0008918961393646896,
    "p95": 0.0009362237178720534
  },
  "emitter_std": {
    "mean": 0.13241666555404663,
    "p95": 0.1324220597743988
  },
  "lp_std": {
    "mean": 0.14969782531261444,
    "p95": 0.14974555373191833
  },
  "rec_nll": 92044.4296875
}