{
  "rec_std": {
    "mean": 0.0009462568559683859,
    "p95": 0.0009903276804834604
  },
  "emitter_std": {
    "mean": 0.1348477452993393,
    "p95": 0.13485242426395416
  },
  "lp_std": {
    "mean": 0.1402381956577301,
    "p95": 0.14025680720806122
  },
  "rec_nll": 79865.5
}