{
  "rec_std": {
    "mean": 0.028055502101778984,
    "p95": 0.07291223853826523
  },
  "lp_std": {
    "mean": 0.13778281211853027,
    "p95": 0.1378324180841446
  },
  "rec_nll": 45.52463150024414
}