{
  "rec_std": {
    "mean": 0.0009199819178320467,
    "p95": 0.0009640708449296653
  },
  "emitter_std": {
    "mean": 0.1341044008731842,
    "p95": 0.1341092586517334
  },
  "lp_std": {
    "mean": 0.143732950091362,
    "p95": 0.14375707507133484
  },
  "rec_nll": 86203.3515625
}