{
  "rec_std": {
    "mean": 0.0008890191093087196,
    "p95": 0.0009343309793621302
  },
  "emitter_std": {
    "mean": 0.13215211033821106,
    "p95": 0.13215789198875427
  },
  "lp_std": {
    "mean": 0.15051893889904022,
    "p95": 0.15056569874286652
  },
  "rec_nll": 92254.1015625
}