{
  "rec_std": {
    "mean": 0.2764059901237488,
    "p95": 0.3246135115623474
  },
  "emitter_std": {
    "mean": 0.13028261065483093,
    "p95": 0.13032926619052887
  },
  "lp_std": {
    "mean": 0.12526826560497284,
    "p95": 0.12838616967201233
  },
  "psf_std": {
    "mean": 0.1301950067281723,
    "p95": 0.13019560277462006
  },
  "rec_nll": -0.9634875655174255
}