{
  "rec_std": {
    "mean": 0.3704270124435425,
    "p95": 2.125171661376953
  },
  "emitter_std": {
    "mean": 0.13366420567035675,
    "p95": 0.1337289959192276
  },
  "lp_std": {
    "mean": 0.13309960067272186,
    "p95": 0.13413608074188232
  },
  "psf_std": {
    "mean": 0.13384556770324707,
    "p95": 0.13384614884853363
  },
  "rec_nll": -0.8241257667541504
}