{
  "rec_std": {
    "mean": 0.3116839826107025,
    "p95": 0.39017122983932495
  },
  "emitter_std": {
    "mean": 0.13474582135677338,
    "p95": 0.13476060330867767
  },
  "lp_std": {
    "mean": 0.13458389043807983,
    "p95": 0.13463769853115082
  },
  "psf_std": {
    "mean": 0.1348264515399933,
    "p95": 0.13482666015625
  },
  "rec_nll": -0.9443871378898621
}