{
  "rec_std": {
    "mean": 0.0008958280086517334,
    "p95": 0.0009437903645448387
  },
  "emitter_std": {
    "mean": 0.13270990550518036,
    "p95": 0.1327153891324997
  },
  "lp_std": {
    "mean": 0.1487547755241394,
    "p95": 0.1488151103258133
  },
  "rec_nll": 90839.5390625
}