{
  "rec_std": {
    "mean": 0.0009742666152305901,
    "p95": 0.0010166120482608676
  },
  "emitter_std": {
    "mean": 0.13512690365314484,
    "p95": 0.13513067364692688
  },
  "lp_std": {
    "mean": 0.13849487900733948,
    "p95": 0.13851042091846466
  },
  "rec_nll": 73446.609375
}