{
  "rec_std": {
    "mean": 0.0008874448831193149,
    "p95": 0.0009335792274214327
  },
  "emitter_std": {
    "mean": 0.1320302039384842,
    "p95": 0.1320355087518692
  },
  "lp_std": {
    "mean": 0.1508888304233551,
    "p95": 0.15098348259925842
  },
  "rec_nll": 92877.75
}