{
  "rec_std": {
    "mean": 0.0008871372556313872,
    "p95": 0.0009570035617798567
  },
  "emitter_std": {
    "mean": 0.13056635856628418,
    "p95": 0.13057135045528412
  },
  "lp_std": {
    "mean": 0.1551034152507782,
    "p95": 0.15850397944450378
  },
  "rec_nll": 92572.265625
}