{
  "rec_std": {
    "mean": 0.039648715406656265,
    "p95": 0.055245716124773026
  },
  "emitter_std": {
    "mean": 0.13661621510982513,
    "p95": 0.136875182390213
  },
  "rec_nll": 7.379389762878418
}