{
  "rec_std": {
    "mean": 0.2883276045322418,
    "p95": 0.8936660289764404
  },
  "emitter_std": {
    "mean": 0.12659181654453278,
    "p95": 0.12674769759178162
  },
  "lp_std": {
    "mean": 0.12000209093093872,
    "p95": 0.12670931220054626
  },
  "psf_std": {
    "mean": 0.12668544054031372,
    "p95": 0.12668778002262115
  },
  "rec_nll": -1.103198766708374
}