{
  "rec_std": {
    "mean": 0.29464834928512573,
    "p95": 0.7488642930984497
  },
  "emitter_std": {
    "mean": 0.1287161111831665,
    "p95": 0.12883520126342773
  },
  "lp_std": {
    "mean": 0.12309917062520981,
    "p95": 0.12864172458648682
  },
  "psf_std": {
    "mean": 0.12874437868595123,
    "p95": 0.12874656915664673
  },
  "rec_nll": -1.1050770282745361
}