{
  "rec_std": {
    "mean": 0.0010900774504989386,
    "p95": 0.0011284389765933156
  },
  "emitter_std": {
    "mean": 0.13534709811210632,
    "p95": 0.1353495866060257
  },
  "lp_std": {
    "mean": 0.136593759059906,
    "p95": 0.13659897446632385
  },
  "rec_nll": 57261.75
}