{
  "rec_std": {
    "mean": 0.0009077253635041416,
    "p95": 0.0009519113809801638
  },
  "emitter_std": {
    "mean": 0.13350175321102142,
    "p95": 0.1335068643093109
  },
  "lp_std": {
    "mean": 0.14605598151683807,
    "p95": 0.1460828334093094
  },
  "rec_nll": 88705.265625
}