{
  "rec_std": {
    "mean": 0.0009399412665516138,
    "p95": 0.000987818231806159
  },
  "emitter_std": {
    "mean": 0.13472707569599152,
    "p95": 0.13473175466060638
  },
  "lp_std": {
    "mean": 0.14088763296604156,
    "p95": 0.14092400670051575
  },
  "rec_nll": 81691.078125
}