{
  "rec_std": {
    "mean": 0.000964842620305717,
    "p95": 0.0010057316394522786
  },
  "emitter_std": {
    "mean": 0.13505543768405914,
    "p95": 0.1350592076778412
  },
  "lp_std": {
    "mean": 0.13898110389709473,
    "p95": 0.13898959755897522
  },
  "rec_nll": 75551.734375
}