{
  "rec_std": {
    "mean": 0.38915157318115234,
    "p95": 2.0260682106018066
  },
  "emitter_std": {
    "mean": 0.132721945643425,
    "p95": 0.13285942375659943
  },
  "lp_std": {
    "mean": 0.13040028512477875,
    "p95": 0.1326303631067276
  },
  "psf_std": {
    "mean": 0.1328129768371582,
    "p95": 0.13281290233135223
  },
  "rec_nll": -1.0666595697402954
}