{
  "rec_std": {
    "mean": 0.04199851676821709,
    "p95": 0.09992387890815735
  },
  "lp_std": {
    "mean": 0.138438880443573,
    "p95": 0.13852232694625854
  },
  "rec_nll": 66.15126037597656
}