{
  "rec_std": {
    "mean": 0.2951233685016632,
    "p95": 1.0736349821090698
  },
  "emitter_std": {
    "mean": 0.12394794076681137,
    "p95": 0.1242232397198677
  },
  "lp_std": {
    "mean": 0.11815614998340607,
    "p95": 0.12553369998931885
  },
  "psf_std": {
    "mean": 0.12452241778373718,
    "p95": 0.12452422827482224
  },
  "rec_nll": -1.163272738456726
}