{
  "rec_std": {
    "mean": 0.0008891767938621342,
    "p95": 0.0009345138096250594
  },
  "emitter_std": {
    "mean": 0.13216544687747955,
    "p95": 0.13217097520828247
  },
  "lp_std": {
    "mean": 0.15047787129878998,
    "p95": 0.15052784979343414
  },
  "rec_nll": 92284.6953125
}