{
  "rec_std": {
    "mean": 0.29495272040367126,
    "p95": 0.5606086254119873
  },
  "emitter_std": {
    "mean": 0.12899650633335114,
    "p95": 0.12911663949489594
  },
  "lp_std": {
    "mean": 0.12351715564727783,
    "p95": 0.12891431152820587
  },
  "psf_std": {
    "mean": 0.12901540100574493,
    "p95": 0.12901704013347626
  },
  "rec_nll": -1.1350244283676147
}