{
  "rec_std": {
    "mean": 0.3002637028694153,
    "p95": 0.6885302066802979
  },
  "emitter_std": {
    "mean": 0.13315171003341675,
    "p95": 0.1331864297389984
  },
  "lp_std": {
    "mean": 0.13225515186786652,
    "p95": 0.13327834010124207
  },
  "psf_std": {
    "mean": 0.13322588801383972,
    "p95": 0.13322579860687256
  },
  "rec_nll": -1.0168251991271973
}