{
  "rec_std": {
    "mean": 0.0009449413628317416,
    "p95": 0.0009886613115668297
  },
  "emitter_std": {
    "mean": 0.134818434715271,
    "p95": 0.13482321798801422
  },
  "lp_std": {
    "mean": 0.14040055871009827,
    "p95": 0.14041857421398163
  },
  "rec_nll": 80042.7578125
}