{
  "rec_std": {
    "mean": 0.0009418592671863735,
    "p95": 0.0009854151867330074
  },
  "emitter_std": {
    "mean": 0.13475799560546875,
    "p95": 0.13476307690143585
  },
  "lp_std": {
    "mean": 0.14072521030902863,
    "p95": 0.14074228703975677
  },
  "rec_nll": 80869.1484375
}