{
  "rec_std": {
    "mean": 0.022411737591028214,
    "p95": 0.056492727249860764
  },
  "lp_std": {
    "mean": 0.13694807887077332,
    "p95": 0.1369808167219162
  },
  "rec_nll": 12.03796672821045
}