{
  "rec_std": {
    "mean": 0.0008882171823643148,
    "p95": 0.000933185569010675
  },
  "emitter_std": {
    "mean": 0.1320980340242386,
    "p95": 0.1321035474538803
  },
  "lp_std": {
    "mean": 0.15068338811397552,
    "p95": 0.15073275566101074
  },
  "rec_nll": 92505.875
}