{
  "rec_std": {
    "mean": 0.04756435379385948,
    "p95": 0.06600657850503922
  },
  "emitter_std": {
    "mean": 0.1369692087173462,
    "p95": 0.1372416466474533
  },
  "rec_nll": 6.039981365203857
}