{
  "rec_std": {
    "mean": 0.0009083602344617248,
    "p95": 0.0009533562115393579
  },
  "emitter_std": {
    "mean": 0.13357970118522644,
    "p95": 0.13358470797538757
  },
  "lp_std": {
    "mean": 0.14577040076255798,
    "p95": 0.1458093672990799
  },
  "rec_nll": 88577.6640625
}