{
  "rec_std": {
    "mean": 0.2907641530036926,
    "p95": 0.9528585076332092
  },
  "emitter_std": {
    "mean": 0.12370522320270538,
    "p95": 0.12399068474769592
  },
  "lp_std": {
    "mean": 0.11775584518909454,
    "p95": 0.12532372772693634
  },
  "psf_std": {
    "mean": 0.124290332198143,
    "p95": 0.12429202347993851
  },
  "rec_nll": -1.2002254724502563
}