{
  "rec_std": {
    "mean": 0.0010162864346057177,
    "p95": 0.0010580207454040647
  },
  "emitter_std": {
    "mean": 0.13527563214302063,
    "p95": 0.13527868688106537
  },
  "lp_std": {
    "mean": 0.13732148706912994,
    "p95": 0.13733547925949097
  },
  "rec_nll": 65878.359375
}