{
  "rec_std": {
    "mean": 0.2829586863517761,
    "p95": 0.42815253138542175
  },
  "emitter_std": {
    "mean": 0.12940369546413422,
    "p95": 0.12948529422283173
  },
  "lp_std": {
    "mean": 0.12403440475463867,
    "p95": 0.1284889578819275
  },
  "psf_std": {
    "mean": 0.12937495112419128,
    "p95": 0.1293768286705017
  },
  "rec_nll": -0.9932699203491211
}