{
  "rec_std": {
    "mean": 0.0009863012237474322,
    "p95": 0.0010286979377269745
  },
  "emitter_std": {
    "mean": 0.13518750667572021,
    "p95": 0.13519121706485748
  },
  "lp_std": {
    "mean": 0.13804949820041656,
    "p95": 0.13806504011154175
  },
  "rec_nll": 70731.0390625
}