{
  "rec_std": {
    "mean": 0.0009491275995969772,
    "p95": 0.0009915458504110575
  },
  "emitter_std": {
    "mean": 0.1348906010389328,
    "p95": 0.13489502668380737
  },
  "lp_std": {
    "mean": 0.1399947702884674,
    "p95": 0.14000684022903442
  },
  "rec_nll": 79296.53125
}