{
  "rec_std": {
    "mean": 0.30911701917648315,
    "p95": 0.39567309617996216
  },
  "emitter_std": {
    "mean": 0.13462351262569427,
    "p95": 0.13463911414146423
  },
  "lp_std": {
    "mean": 0.13440918922424316,
    "p95": 0.13450437784194946
  },
  "psf_std": {
    "mean": 0.13471528887748718,
    "p95": 0.13471552729606628
  },
  "rec_nll": -0.9728209972381592
}