{
  "rec_std": {
    "mean": 0.0008896916406229138,
    "p95": 0.0009349703905172646
  },
  "emitter_std": {
    "mean": 0.13221880793571472,
    "p95": 0.13222429156303406
  },
  "lp_std": {
    "mean": 0.150313600897789,
    "p95": 0.1503763496875763
  },
  "rec_nll": 91909.3046875
}