{
  "rec_std": {
    "mean": 0.0009010014473460615,
    "p95": 0.0009454715764150023
  },
  "emitter_std": {
    "mean": 0.13311667740345,
    "p95": 0.13312184810638428
  },
  "lp_std": {
    "mean": 0.1474040001630783,
    "p95": 0.14743512868881226
  },
  "rec_nll": 90237.7578125
}