{
  "rec_std": {
    "mean": 0.0008901478722691536,
    "p95": 0.0009350078762508929
  },
  "emitter_std": {
    "mean": 0.13229848444461823,
    "p95": 0.1323033720254898
  },
  "lp_std": {
    "mean": 0.15006715059280396,
    "p95": 0.15012115240097046
  },
  "rec_nll": 92892.234375
}