{
  "rec_std": {
    "mean": 0.03180153667926788,
    "p95": 0.07544965296983719
  },
  "lp_std": {
    "mean": 0.1391674131155014,
    "p95": 0.13927091658115387
  },
  "rec_nll": 84.01985168457031
}