{
  "rec_std": {
    "mean": 0.3126279413700104,
    "p95": 1.4380229711532593
  },
  "emitter_std": {
    "mean": 0.1326940804719925,
    "p95": 0.13275671005249023
  },
  "lp_std": {
    "mean": 0.13011974096298218,
    "p95": 0.13247959315776825
  },
  "psf_std": {
    "mean": 0.13268791139125824,
    "p95": 0.13268795609474182
  },
  "rec_nll": -0.7955912351608276
}