{
  "rec_std": {
    "mean": 0.026313545182347298,
    "p95": 0.09047792851924896
  },
  "lp_std": {
    "mean": 0.13640239834785461,
    "p95": 0.13643096387386322
  },
  "rec_nll": 44.884098052978516
}