{
  "rec_std": {
    "mean": 0.283051997423172,
    "p95": 0.5122988820075989
  },
  "emitter_std": {
    "mean": 0.1251266896724701,
    "p95": 0.1253328025341034
  },
  "lp_std": {
    "mean": 0.11790846288204193,
    "p95": 0.12535181641578674
  },
  "psf_std": {
    "mean": 0.12528453767299652,
    "p95": 0.12528599798679352
  },
  "rec_nll": -1.0772186517715454
}