{
  "rec_std": {
    "mean": 0.0017949447501450777,
    "p95": 0.0018684066599234939
  },
  "emitter_std": {
    "mean": 0.13539709150791168,
    "p95": 0.1354021281003952
  },
  "lp_std": {
    "mean": 0.13554105162620544,
    "p95": 0.1355452686548233
  },
  "rec_nll": 17164.248046875
}