{
  "rec_std": {
    "mean": 0.0008973931544460356,
    "p95": 0.0009417604305781424
  },
  "emitter_std": {
    "mean": 0.13281069695949554,
    "p95": 0.13281597197055817
  },
  "lp_std": {
    "mean": 0.14842700958251953,
    "p95": 0.14846262335777283
  },
  "rec_nll": 90670.6953125
}