{
  "rec_std": {
    "mean": 0.04078972712159157,
    "p95": 0.05680167302489281
  },
  "emitter_std": {
    "mean": 0.1366308182477951,
    "p95": 0.13688990473747253
  },
  "rec_nll": 7.9598388671875
}