{
  "rec_std": {
    "mean": 0.0009496181737631559,
    "p95": 0.000995270092971623
  },
  "emitter_std": {
    "mean": 0.13489751517772675,
    "p95": 0.13490168750286102
  },
  "lp_std": {
    "mean": 0.13995419442653656,
    "p95": 0.13998088240623474
  },
  "rec_nll": 79957.671875
}