{
  "rec_std": {
    "mean": 0.04190043732523918,
    "p95": 0.05875151604413986
  },
  "emitter_std": {
    "mean": 0.1366964876651764,
    "p95": 0.13696154952049255
  },
  "rec_nll": 7.750386714935303
}