{
  "rec_std": {
    "mean": 0.04161495715379715,
    "p95": 0.12249331176280975
  },
  "lp_std": {
    "mean": 0.1406228244304657,
    "p95": 0.14096839725971222
  },
  "rec_nll": 1928.1160888671875
}