{
  "rec_std": {
    "mean": 0.0009164844523184001,
    "p95": 0.0009608147665858269
  },
  "emitter_std": {
    "mean": 0.13397446274757385,
    "p95": 0.13397939503192902
  },
  "lp_std": {
    "mean": 0.14426222443580627,
    "p95": 0.14428812265396118
  },
  "rec_nll": 86683.328125
}