{
  "rec_std": {
    "mean": 0.0012884660391137004,
    "p95": 0.0013571169693022966
  },
  "emitter_std": {
    "mean": 0.13538385927677155,
    "p95": 0.13538537919521332
  },
  "lp_std": {
    "mean": 0.13610541820526123,
    "p95": 0.13612420856952667
  },
  "rec_nll": 43339.50390625
}