{
  "rec_std": {
    "mean": 0.02334042266011238,
    "p95": 0.059239357709884644
  },
  "lp_std": {
    "mean": 0.13698653876781464,
    "p95": 0.1370193064212799
  },
  "rec_nll": 13.274672508239746
}