{
  "rec_std": {
    "mean": 0.0008862303802743554,
    "p95": 0.0009325326536782086
  },
  "emitter_std": {
    "mean": 0.1319209635257721,
    "p95": 0.13192613422870636
  },
  "lp_std": {
    "mean": 0.15121789276599884,
    "p95": 0.15131932497024536
  },
  "rec_nll": 93283.703125
}