{
  "rec_std": {
    "mean": 0.0008800328942015767,
    "p95": 0.0009328244486823678
  },
  "emitter_std": {
    "mean": 0.1310785710811615,
    "p95": 0.13108360767364502
  },
  "lp_std": {
    "mean": 0.15367835760116577,
    "p95": 0.15473732352256775
  },
  "rec_nll": 93990.1953125
}