{
  "rec_std": {
    "mean": 0.0009641439537517726,
    "p95": 0.0010063686640933156
  },
  "emitter_std": {
    "mean": 0.13504917919635773,
    "p95": 0.135052889585495
  },
  "lp_std": {
    "mean": 0.13902167975902557,
    "p95": 0.13903677463531494
  },
  "rec_nll": 75870.640625
}