{
  "rec_std": {
    "mean": 0.0008975203381851315,
    "p95": 0.0009432790102437139
  },
  "emitter_std": {
    "mean": 0.13282319903373718,
    "p95": 0.13282854855060577
  },
  "lp_std": {
    "mean": 0.14838606119155884,
    "p95": 0.1484348624944687
  },
  "rec_nll": 90833.5859375
}