{
  "rec_std": {
    "mean": 0.0009210875141434371,
    "p95": 0.0009708249708637595
  },
  "emitter_std": {
    "mean": 0.13420169055461884,
    "p95": 0.1342066377401352
  },
  "lp_std": {
    "mean": 0.1433260142803192,
    "p95": 0.1433868557214737
  },
  "rec_nll": 85852.28125
}