{
  "rec_std": {
    "mean": 0.000904358341358602,
    "p95": 0.0009489470976404846
  },
  "emitter_std": {
    "mean": 0.13334110379219055,
    "p95": 0.13334603607654572
  },
  "lp_std": {
    "mean": 0.14662763476371765,
    "p95": 0.14665567874908447
  },
  "rec_nll": 89699.15625
}