{
  "rec_std": {
    "mean": 0.0008927483577281237,
    "p95": 0.000939748773816973
  },
  "emitter_std": {
    "mean": 0.1324687898159027,
    "p95": 0.13247422873973846
  },
  "lp_std": {
    "mean": 0.14953362941741943,
    "p95": 0.1496255099773407
  },
  "rec_nll": 91232.3359375
}