{
  "rec_std": {
    "mean": 0.0008824497926980257,
    "p95": 0.0009334798669442534
  },
  "emitter_std": {
    "mean": 0.1314631551504135,
    "p95": 0.1314687728881836
  },
  "lp_std": {
    "mean": 0.152574822306633,
    "p95": 0.1529489904642105
  },
  "rec_nll": 92963.171875
}