{
  "rec_std": {
    "mean": 0.0314677432179451,
    "p95": 0.09509296715259552
  },
  "lp_std": {
    "mean": 0.14289000630378723,
    "p95": 0.14314761757850647
  },
  "rec_nll": 4605.25146484375
}