{
  "rec_std": {
    "mean": 0.0009016768890433013,
    "p95": 0.0009457364794798195
  },
  "emitter_std": {
    "mean": 0.13315221667289734,
    "p95": 0.13315746188163757
  },
  "lp_std": {
    "mean": 0.14728142321109772,
    "p95": 0.14731144905090332
  },
  "rec_nll": 89935.3671875
}