{
  "rec_std": {
    "mean": 0.34732407331466675,
    "p95": 1.6312321424484253
  },
  "emitter_std": {
    "mean": 0.13305208086967468,
    "p95": 0.13313429057598114
  },
  "lp_std": {
    "mean": 0.1311107873916626,
    "p95": 0.1330743134021759
  },
  "psf_std": {
    "mean": 0.13313481211662292,
    "p95": 0.13313479721546173
  },
  "rec_nll": -1.0368835926055908
}