{
  "rec_std": {
    "mean": 0.0009089909726753831,
    "p95": 0.0009538776939734817
  },
  "emitter_std": {
    "mean": 0.1336241215467453,
    "p95": 0.1336289793252945
  },
  "lp_std": {
    "mean": 0.14560720324516296,
    "p95": 0.14563490450382233
  },
  "rec_nll": 88664.9140625
}