{
  "rec_std": {
    "mean": 0.0009230375289916992,
    "p95": 0.0009720185189507902
  },
  "emitter_std": {
    "mean": 0.1342776119709015,
    "p95": 0.13428229093551636
  },
  "lp_std": {
    "mean": 0.1430005580186844,
    "p95": 0.1430525928735733
  },
  "rec_nll": 85611.828125
}