{
  "rec_std": {
    "mean": 0.0008881575777195394,
    "p95": 0.0009335317881777883
  },
  "emitter_std": {
    "mean": 0.13208448886871338,
    "p95": 0.1320900321006775
  },
  "lp_std": {
    "mean": 0.15072448551654816,
    "p95": 0.15078523755073547
  },
  "rec_nll": 92032.0078125
}