{
  "rec_std": {
    "mean": 0.31127142906188965,
    "p95": 0.8389569520950317
  },
  "emitter_std": {
    "mean": 0.13290910422801971,
    "p95": 0.13295000791549683
  },
  "lp_std": {
    "mean": 0.1319802850484848,
    "p95": 0.13374780118465424
  },
  "psf_std": {
    "mean": 0.1329699009656906,
    "p95": 0.13296999037265778
  },
  "rec_nll": -0.8987255096435547
}