{
  "rec_std": {
    "mean": 0.0008859950467012823,
    "p95": 0.0009577140444889665
  },
  "emitter_std": {
    "mean": 0.13044734299182892,
    "p95": 0.13045288622379303
  },
  "lp_std": {
    "mean": 0.15542080998420715,
    "p95": 0.15891334414482117
  },
  "rec_nll": 92257.59375
}