{
  "rec_std": {
    "mean": 0.2879183292388916,
    "p95": 0.8623390197753906
  },
  "emitter_std": {
    "mean": 0.1310444325208664,
    "p95": 0.13109329342842102
  },
  "lp_std": {
    "mean": 0.1285575032234192,
    "p95": 0.13235004246234894
  },
  "psf_std": {
    "mean": 0.13108515739440918,
    "p95": 0.1310850977897644
  },
  "rec_nll": -0.9269144535064697
}