{
  "rec_std": {
    "mean": 0.0009203624213114381,
    "p95": 0.0009644578094594181
  },
  "emitter_std": {
    "mean": 0.13411429524421692,
    "p95": 0.13411970436573029
  },
  "lp_std": {
    "mean": 0.1436922699213028,
    "p95": 0.14371562004089355
  },
  "rec_nll": 85446.921875
}