{
  "rec_std": {
    "mean": 0.0008909630705602467,
    "p95": 0.0009375347290188074
  },
  "emitter_std": {
    "mean": 0.13235148787498474,
    "p95": 0.1323569118976593
  },
  "lp_std": {
    "mean": 0.14990292489528656,
    "p95": 0.14995525777339935
  },
  "rec_nll": 92096.375
}