{
  "rec_std": {
    "mean": 0.2913396656513214,
    "p95": 0.7657533288002014
  },
  "emitter_std": {
    "mean": 0.13273198902606964,
    "p95": 0.13275831937789917
  },
  "lp_std": {
    "mean": 0.13165907561779022,
    "p95": 0.13323725759983063
  },
  "psf_std": {
    "mean": 0.13277706503868103,
    "p95": 0.13277709484100342
  },
  "rec_nll": -0.9347363114356995
}