{
  "rec_std": {
    "mean": 0.04217344522476196,
    "p95": 0.057908959686756134
  },
  "emitter_std": {
    "mean": 0.136697918176651,
    "p95": 0.13697001338005066
  },
  "rec_nll": 8.860600471496582
}