{
  "rec_std": {
    "mean": 0.0009109480306506157,
    "p95": 0.000956859381403774
  },
  "emitter_std": {
    "mean": 0.13372266292572021,
    "p95": 0.1337279975414276
  },
  "lp_std": {
    "mean": 0.1452401727437973,
    "p95": 0.14527474343776703
  },
  "rec_nll": 86881.40625
}