{
  "rec_std": {
    "mean": 0.0008821337833069265,
    "p95": 0.0009447055635973811
  },
  "emitter_std": {
    "mean": 0.13069948554039001,
    "p95": 0.13070474565029144
  },
  "lp_std": {
    "mean": 0.15473711490631104,
    "p95": 0.15714873373508453
  },
  "rec_nll": 93640.3828125
}