{
  "rec_std": {
    "mean": 0.0008937895181588829,
    "p95": 0.0009386584861204028
  },
  "emitter_std": {
    "mean": 0.13254593312740326,
    "p95": 0.13255120813846588
  },
  "lp_std": {
    "mean": 0.14928755164146423,
    "p95": 0.14933641254901886
  },
  "rec_nll": 91455.203125
}