{
  "rec_std": {
    "mean": 0.040736038237810135,
    "p95": 0.11350853741168976
  },
  "lp_std": {
    "mean": 0.1430794894695282,
    "p95": 0.14343507587909698
  },
  "rec_nll": 728.8512573242188
}