{
  "rec_std": {
    "mean": 0.2950890362262726,
    "p95": 1.4911097288131714
  },
  "emitter_std": {
    "mean": 0.12490710616111755,
    "p95": 0.12515032291412354
  },
  "lp_std": {
    "mean": 0.11788754165172577,
    "p95": 0.12520642578601837
  },
  "psf_std": {
    "mean": 0.1251026839017868,
    "p95": 0.1251041740179062
  },
  "rec_nll": -0.9350649118423462
}