{
  "rec_std": {
    "mean": 0.30679622292518616,
    "p95": 1.119783639907837
  },
  "emitter_std": {
    "mean": 0.13045954704284668,
    "p95": 0.13056506216526031
  },
  "lp_std": {
    "mean": 0.12577827274799347,
    "p95": 0.13022655248641968
  },
  "psf_std": {
    "mean": 0.13043294847011566,
    "p95": 0.13043268024921417
  },
  "rec_nll": -1.0396345853805542
}