{
  "rec_std": {
    "mean": 0.0008884485578164458,
    "p95": 0.0009339767275378108
  },
  "emitter_std": {
    "mean": 0.13211160898208618,
    "p95": 0.13211703300476074
  },
  "lp_std": {
    "mean": 0.1506422609090805,
    "p95": 0.15069599449634552
  },
  "rec_nll": 92577.4140625
}