{
  "rec_std": {
    "mean": 0.0008987811743281782,
    "p95": 0.0009434267994947731
  },
  "emitter_std": {
    "mean": 0.1329347938299179,
    "p95": 0.13294005393981934
  },
  "lp_std": {
    "mean": 0.14801765978336334,
    "p95": 0.1480514258146286
  },
  "rec_nll": 90588.53125
}