{
  "rec_std": {
    "mean": 0.005436611827462912,
    "p95": 0.016844887286424637
  },
  "lp_std": {
    "mean": 0.13596251606941223,
    "p95": 0.1359710991382599
  },
  "rec_nll": 218.2703857421875
}