{
  "rec_std": {
    "mean": 0.2890404164791107,
    "p95": 0.3768855929374695
  },
  "emitter_std": {
    "mean": 0.13157778978347778,
    "p95": 0.1316346526145935
  },
  "lp_std": {
    "mean": 0.12953637540340424,
    "p95": 0.13192743062973022
  },
  "psf_std": {
    "mean": 0.13163502514362335,
    "p95": 0.1316348761320114
  },
  "rec_nll": -0.9715139865875244
}