{
  "rec_std": {
    "mean": 0.2794050872325897,
    "p95": 0.4848097562789917
  },
  "emitter_std": {
    "mean": 0.12652572989463806,
    "p95": 0.12665215134620667
  },
  "lp_std": {
    "mean": 0.11980735510587692,
    "p95": 0.12661007046699524
  },
  "psf_std": {
    "mean": 0.12659083306789398,
    "p95": 0.12659350037574768
  },
  "rec_nll": -1.1292002201080322
}