{
  "rec_std": {
    "mean": 0.0008877192158252001,
    "p95": 0.0009635351016186178
  },
  "emitter_std": {
    "mean": 0.13061094284057617,
    "p95": 0.13061580061912537
  },
  "lp_std": {
    "mean": 0.15498386323451996,
    "p95": 0.15838025510311127
  },
  "rec_nll": 92426.671875
}