{
  "rec_std": {
    "mean": 0.0009342537960037589,
    "p95": 0.0009776623919606209
  },
  "emitter_std": {
    "mean": 0.13461391627788544,
    "p95": 0.13461869955062866
  },
  "lp_std": {
    "mean": 0.14145606756210327,
    "p95": 0.141473650932312
  },
  "rec_nll": 82958.71875
}