{
  "rec_std": {
    "mean": 0.0008891576435416937,
    "p95": 0.0009346310398541391
  },
  "emitter_std": {
    "mean": 0.13217884302139282,
    "p95": 0.13218426704406738
  },
  "lp_std": {
    "mean": 0.15043677389621735,
    "p95": 0.1504931002855301
  },
  "rec_nll": 92429.3359375
}