{
  "rec_std": {
    "mean": 0.2871744930744171,
    "p95": 0.8381333351135254
  },
  "emitter_std": {
    "mean": 0.12499930709600449,
    "p95": 0.1252463012933731
  },
  "lp_std": {
    "mean": 0.11767149716615677,
    "p95": 0.1248616948723793
  },
  "psf_std": {
    "mean": 0.12519744038581848,
    "p95": 0.12519893050193787
  },
  "rec_nll": -1.1668345928192139
}