{
  "rec_std": {
    "mean": 0.2900843322277069,
    "p95": 0.8201008439064026
  },
  "emitter_std": {
    "mean": 0.12422316521406174,
    "p95": 0.12445385754108429
  },
  "lp_std": {
    "mean": 0.11840333789587021,
    "p95": 0.1257254183292389
  },
  "psf_std": {
    "mean": 0.124752476811409,
    "p95": 0.12475413084030151
  },
  "rec_nll": -1.184470295906067
}