{
  "rec_std": {
    "mean": 0.038737811148166656,
    "p95": 0.17298732697963715
  },
  "lp_std": {
    "mean": 0.13981865346431732,
    "p95": 0.14054669439792633
  },
  "rec_nll": 24816.259765625
}