{
  "rec_std": {
    "mean": 0.0009053825633600354,
    "p95": 0.0009494984988123178
  },
  "emitter_std": {
    "mean": 0.1333872526884079,
    "p95": 0.13339252769947052
  },
  "lp_std": {
    "mean": 0.1464642882347107,
    "p95": 0.14649678766727448
  },
  "rec_nll": 88802.4296875
}