{
  "rec_std": {
    "mean": 0.0009480075095780194,
    "p95": 0.0009948323713615537
  },
  "emitter_std": {
    "mean": 0.13487643003463745,
    "p95": 0.13488097488880157
  },
  "lp_std": {
    "mean": 0.1400759369134903,
    "p95": 0.14010939002037048
  },
  "rec_nll": 79835.0859375
}