{
  "rec_std": {
    "mean": 0.029571913182735443,
    "p95": 0.09354463219642639
  },
  "lp_std": {
    "mean": 0.14269642531871796,
    "p95": 0.1430126577615738
  },
  "rec_nll": 4360.21533203125
}