{
  "rec_std": {
    "mean": 0.0008799131610430777,
    "p95": 0.000932707276660949
  },
  "emitter_std": {
    "mean": 0.13086077570915222,
    "p95": 0.13086624443531036
  },
  "lp_std": {
    "mean": 0.15428927540779114,
    "p95": 0.15579253435134888
  },
  "rec_nll": 93031.375
}