{
  "rec_std": {
    "mean": 0.0009137383312918246,
    "p95": 0.0009574397117830813
  },
  "emitter_std": {
    "mean": 0.13386130332946777,
    "p95": 0.13386614620685577
  },
  "lp_std": {
    "mean": 0.14471030235290527,
    "p95": 0.14473579823970795
  },
  "rec_nll": 87476.5625
}