{
  "rec_std": {
    "mean": 0.040202703326940536,
    "p95": 0.0536702424287796
  },
  "emitter_std": {
    "mean": 0.13672196865081787,
    "p95": 0.1369308978319168
  },
  "rec_nll": 13.773557662963867
}