{
  "rec_std": {
    "mean": 0.0009792690398171544,
    "p95": 0.0010219166288152337
  },
  "emitter_std": {
    "mean": 0.13515518605709076,
    "p95": 0.13515889644622803
  },
  "lp_std": {
    "mean": 0.13829243183135986,
    "p95": 0.13830851018428802
  },
  "rec_nll": 72101.4140625
}