{
  "rec_std": {
    "mean": 0.0008895097998902202,
    "p95": 0.0009346571750938892
  },
  "emitter_std": {
    "mean": 0.13220544159412384,
    "p95": 0.13221080601215363
  },
  "lp_std": {
    "mean": 0.15035468339920044,
    "p95": 0.1504066437482834
  },
  "rec_nll": 92428.15625
}