{
  "rec_std": {
    "mean": 0.02679067850112915,
    "p95": 0.06890185177326202
  },
  "lp_std": {
    "mean": 0.13722236454486847,
    "p95": 0.13726398348808289
  },
  "rec_nll": 8.854223251342773
}