{
  "rec_std": {
    "mean": 0.0008801866206340492,
    "p95": 0.0009284816915169358
  },
  "emitter_std": {
    "mean": 0.131165012717247,
    "p95": 0.13117048144340515
  },
  "lp_std": {
    "mean": 0.15343351662158966,
    "p95": 0.15411213040351868
  },
  "rec_nll": 93330.28125
}