{
  "rec_std": {
    "mean": 0.0009139219764620066,
    "p95": 0.0009577921009622514
  },
  "emitter_std": {
    "mean": 0.13387171924114227,
    "p95": 0.13387636840343475
  },
  "lp_std": {
    "mean": 0.1446695625782013,
    "p95": 0.14469464123249054
  },
  "rec_nll": 87714.1484375
}