{
  "rec_std": {
    "mean": 0.0008933667559176683,
    "p95": 0.0009383507422171533
  },
  "emitter_std": {
    "mean": 0.13252045214176178,
    "p95": 0.1325254887342453
  },
  "lp_std": {
    "mean": 0.14936958253383636,
    "p95": 0.14941523969173431
  },
  "rec_nll": 92067.9765625
}