{
  "rec_std": {
    "mean": 0.023629598319530487,
    "p95": 0.05950743332505226
  },
  "lp_std": {
    "mean": 0.13702479004859924,
    "p95": 0.13706284761428833
  },
  "rec_nll": 11.25512981414795
}