{
  "rec_std": {
    "mean": 0.3245517909526825,
    "p95": 1.3427270650863647
  },
  "emitter_std": {
    "mean": 0.13248632848262787,
    "p95": 0.1325765699148178
  },
  "lp_std": {
    "mean": 0.12973591685295105,
    "p95": 0.1323380172252655
  },
  "psf_std": {
    "mean": 0.13249389827251434,
    "p95": 0.1324940174818039
  },
  "rec_nll": -1.0877760648727417
}