{
  "rec_std": {
    "mean": 0.03244126960635185,
    "p95": 0.08505196869373322
  },
  "lp_std": {
    "mean": 0.1388148069381714,
    "p95": 0.13892459869384766
  },
  "rec_nll": 98.15606689453125
}