{
  "rec_std": {
    "mean": 0.42115098237991333,
    "p95": 0.7338612079620361
  },
  "emitter_std": {
    "mean": 0.13519077003002167,
    "p95": 0.13519975543022156
  },
  "lp_std": {
    "mean": 0.13511477410793304,
    "p95": 0.1351364403963089
  },
  "psf_std": {
    "mean": 0.13521808385849,
    "p95": 0.13521812856197357
  },
  "rec_nll": -0.7157281637191772
}