{
  "rec_std": {
    "mean": 0.041173677891492844,
    "p95": 0.05771829932928085
  },
  "emitter_std": {
    "mean": 0.1366456151008606,
    "p95": 0.13691964745521545
  },
  "rec_nll": 7.5033040046691895
}