{
  "rec_std": {
    "mean": 0.32850775122642517,
    "p95": 0.7958552241325378
  },
  "emitter_std": {
    "mean": 0.131668820977211,
    "p95": 0.13178615272045135
  },
  "lp_std": {
    "mean": 0.1279614269733429,
    "p95": 0.13079257309436798
  },
  "psf_std": {
    "mean": 0.13167382776737213,
    "p95": 0.13167360424995422
  },
  "rec_nll": -1.061711072921753
}