{
  "rec_std": {
    "mean": 0.0009114101994782686,
    "p95": 0.0009557117009535432
  },
  "emitter_std": {
    "mean": 0.13375477492809296,
    "p95": 0.13375979661941528
  },
  "lp_std": {
    "mean": 0.145117849111557,
    "p95": 0.14514638483524323
  },
  "rec_nll": 87525.5859375
}