{
  "rec_std": {
    "mean": 0.0008989645866677165,
    "p95": 0.0009435975225642323
  },
  "emitter_std": {
    "mean": 0.13295921683311462,
    "p95": 0.13296443223953247
  },
  "lp_std": {
    "mean": 0.14793579280376434,
    "p95": 0.1479702740907669
  },
  "rec_nll": 90535.0390625
}