{
  "rec_std": {
    "mean": 0.0009189999545924366,
    "p95": 0.0009624670492485166
  },
  "emitter_std": {
    "mean": 0.13406479358673096,
    "p95": 0.13406971096992493
  },
  "lp_std": {
    "mean": 0.14389577507972717,
    "p95": 0.14391297101974487
  },
  "rec_nll": 86491.609375
}