{
  "rec_std": {
    "mean": 0.28346434235572815,
    "p95": 0.9584860801696777
  },
  "emitter_std": {
    "mean": 0.12506632506847382,
    "p95": 0.12522490322589874
  },
  "lp_std": {
    "mean": 0.1194036602973938,
    "p95": 0.12611724436283112
  },
  "psf_std": {
    "mean": 0.12552893161773682,
    "p95": 0.12553071975708008
  },
  "rec_nll": -1.1343538761138916
}