{
  "rec_std": {
    "mean": 0.0009534560958854854,
    "p95": 0.0009967256337404251
  },
  "emitter_std": {
    "mean": 0.13493940234184265,
    "p95": 0.13494394719600677
  },
  "lp_std": {
    "mean": 0.13971085846424103,
    "p95": 0.13972780108451843
  },
  "rec_nll": 77902.8203125
}