{
  "rec_std": {
    "mean": 0.0008820065995678306,
    "p95": 0.0009313237969763577
  },
  "emitter_std": {
    "mean": 0.13127946853637695,
    "p95": 0.13128520548343658
  },
  "lp_std": {
    "mean": 0.1531076431274414,
    "p95": 0.15390639007091522
  },
  "rec_nll": 92827.8984375
}