{
  "rec_std": {
    "mean": 0.0008922053966671228,
    "p95": 0.0009367093443870544
  },
  "emitter_std": {
    "mean": 0.1324426233768463,
    "p95": 0.13244763016700745
  },
  "lp_std": {
    "mean": 0.14961573481559753,
    "p95": 0.14965933561325073
  },
  "rec_nll": 92117.296875
}