{
  "rec_std": {
    "mean": 0.0009090876556001604,
    "p95": 0.000953520240727812
  },
  "emitter_std": {
    "mean": 0.13363505899906158,
    "p95": 0.13363958895206451
  },
  "lp_std": {
    "mean": 0.1455664038658142,
    "p95": 0.14559194445610046
  },
  "rec_nll": 89017.84375
}