{
  "rec_std": {
    "mean": 0.0008933475473895669,
    "p95": 0.0009398139663971961
  },
  "emitter_std": {
    "mean": 0.132507786154747,
    "p95": 0.13251329958438873
  },
  "lp_std": {
    "mean": 0.14941059052944183,
    "p95": 0.1494666486978531
  },
  "rec_nll": 91338.796875
}