{
  "rec_std": {
    "mean": 0.0009208254050463438,
    "p95": 0.0009651884320192039
  },
  "emitter_std": {
    "mean": 0.13414356112480164,
    "p95": 0.13414858281612396
  },
  "lp_std": {
    "mean": 0.1435701698064804,
    "p95": 0.14359499514102936
  },
  "rec_nll": 85944.5390625
}