{
  "rec_std": {
    "mean": 0.29219675064086914,
    "p95": 0.5822534561157227
  },
  "emitter_std": {
    "mean": 0.12782888114452362,
    "p95": 0.12794965505599976
  },
  "lp_std": {
    "mean": 0.12175649404525757,
    "p95": 0.12781406939029694
  },
  "psf_std": {
    "mean": 0.1278654932975769,
    "p95": 0.12786798179149628
  },
  "rec_nll": -1.0928668975830078
}