{
  "rec_std": {
    "mean": 0.0009509273222647607,
    "p95": 0.0009948690421879292
  },
  "emitter_std": {
    "mean": 0.1349117010831833,
    "p95": 0.13491615653038025
  },
  "lp_std": {
    "mean": 0.13987307250499725,
    "p95": 0.13989678025245667
  },
  "rec_nll": 79099.9140625
}