{
  "rec_std": {
    "mean": 0.0009127776720561087,
    "p95": 0.0009589330875314772
  },
  "emitter_std": {
    "mean": 0.13381895422935486,
    "p95": 0.13382387161254883
  },
  "lp_std": {
    "mean": 0.14487335085868835,
    "p95": 0.14493301510810852
  },
  "rec_nll": 87579.46875
}