{
  "rec_std": {
    "mean": 0.0008879845263436437,
    "p95": 0.000975850853137672
  },
  "emitter_std": {
    "mean": 0.13041754066944122,
    "p95": 0.13042306900024414
  },
  "lp_std": {
    "mean": 0.15550148487091064,
    "p95": 0.1592392921447754
  },
  "rec_nll": 91871.65625
}