{
  "rec_std": {
    "mean": 0.0009336246876046062,
    "p95": 0.0009777566883713007
  },
  "emitter_std": {
    "mean": 0.13459722697734833,
    "p95": 0.1346021443605423
  },
  "lp_std": {
    "mean": 0.14153733849525452,
    "p95": 0.1415565013885498
  },
  "rec_nll": 83067.4296875
}