{
  "rec_std": {
    "mean": 0.29805636405944824,
    "p95": 1.0928338766098022
  },
  "emitter_std": {
    "mean": 0.12771984934806824,
    "p95": 0.12785333395004272
  },
  "lp_std": {
    "mean": 0.12168953567743301,
    "p95": 0.1277444064617157
  },
  "psf_std": {
    "mean": 0.1277717649936676,
    "p95": 0.1277742236852646
  },
  "rec_nll": -0.9906724095344543
}