{
  "rec_std": {
    "mean": 0.035840846598148346,
    "p95": 0.09580928087234497
  },
  "lp_std": {
    "mean": 0.13820961117744446,
    "p95": 0.1383560597896576
  },
  "rec_nll": 113.04151153564453
}