{
  "rec_std": {
    "mean": 0.2809127867221832,
    "p95": 0.4710708260536194
  },
  "emitter_std": {
    "mean": 0.12691166996955872,
    "p95": 0.12703785300254822
  },
  "lp_std": {
    "mean": 0.12033876776695251,
    "p95": 0.1267646849155426
  },
  "psf_std": {
    "mean": 0.1269688904285431,
    "p95": 0.12697137892246246
  },
  "rec_nll": -1.091781497001648
}