{
  "rec_std": {
    "mean": 0.0009451407822780311,
    "p95": 0.0009883914608508348
  },
  "emitter_std": {
    "mean": 0.13482576608657837,
    "p95": 0.13483040034770966
  },
  "lp_std": {
    "mean": 0.14035993814468384,
    "p95": 0.14037692546844482
  },
  "rec_nll": 80301.6328125
}