{
  "rec_std": {
    "mean": 0.29173675179481506,
    "p95": 0.6775444746017456
  },
  "emitter_std": {
    "mean": 0.13263027369976044,
    "p95": 0.13266025483608246
  },
  "lp_std": {
    "mean": 0.13147330284118652,
    "p95": 0.13348449766635895
  },
  "psf_std": {
    "mean": 0.1326770782470703,
    "p95": 0.1326771080493927
  },
  "rec_nll": -0.9619298577308655
}