{
  "rec_std": {
    "mean": 0.03196251392364502,
    "p95": 0.08294250071048737
  },
  "lp_std": {
    "mean": 0.138539656996727,
    "p95": 0.13866546750068665
  },
  "rec_nll": 113.6131362915039
}