{
  "rec_std": {
    "mean": 0.2938796877861023,
    "p95": 0.3530130088329315
  },
  "emitter_std": {
    "mean": 0.13005171716213226,
    "p95": 0.13017818331718445
  },
  "lp_std": {
    "mean": 0.12508583068847656,
    "p95": 0.12917260825634003
  },
  "psf_std": {
    "mean": 0.13004635274410248,
    "p95": 0.1300477534532547
  },
  "rec_nll": -1.0538694858551025
}