{
  "rec_std": {
    "mean": 0.025402389466762543,
    "p95": 0.06562729179859161
  },
  "lp_std": {
    "mean": 0.13926248252391815,
    "p95": 0.13937750458717346
  },
  "rec_nll": 140.05699157714844
}