{
  "rec_std": {
    "mean": 0.0009079496958293021,
    "p95": 0.0009524548659101129
  },
  "emitter_std": {
    "mean": 0.13351307809352875,
    "p95": 0.13351842761039734
  },
  "lp_std": {
    "mean": 0.14601518213748932,
    "p95": 0.14604027569293976
  },
  "rec_nll": 87847.9609375
}