{
  "rec_std": {
    "mean": 0.0009036793489940464,
    "p95": 0.0009489863878116012
  },
  "emitter_std": {
    "mean": 0.13329440355300903,
    "p95": 0.13329944014549255
  },
  "lp_std": {
    "mean": 0.14679105579853058,
    "p95": 0.14683595299720764
  },
  "rec_nll": 89726.0703125
}