{
  "rec_std": {
    "mean": 0.0009038262069225311,
    "p95": 0.0009480653679929674
  },
  "emitter_std": {
    "mean": 0.1333061307668686,
    "p95": 0.13331130146980286
  },
  "lp_std": {
    "mean": 0.14675019681453705,
    "p95": 0.14678579568862915
  },
  "rec_nll": 89648.625
}