{
  "rec_std": {
    "mean": 0.0008829026482999325,
    "p95": 0.0009331376641057432
  },
  "emitter_std": {
    "mean": 0.13153362274169922,
    "p95": 0.13153928518295288
  },
  "lp_std": {
    "mean": 0.15236932039260864,
    "p95": 0.15267843008041382
  },
  "rec_nll": 92971.140625
}