{
  "rec_std": {
    "mean": 0.0008858375367708504,
    "p95": 0.0009321883553639054
  },
  "emitter_std": {
    "mean": 0.13189378380775452,
    "p95": 0.13189896941184998
  },
  "lp_std": {
    "mean": 0.15130002796649933,
    "p95": 0.15137739479541779
  },
  "rec_nll": 93166.65625
}