{
  "rec_std": {
    "mean": 0.000961281533818692,
    "p95": 0.0010040652705356479
  },
  "emitter_std": {
    "mean": 0.13502438366413116,
    "p95": 0.13502830266952515
  },
  "lp_std": {
    "mean": 0.13918372988700867,
    "p95": 0.13919980823993683
  },
  "rec_nll": 76333.0546875
}