{
  "rec_std": {
    "mean": 0.0009313005139119923,
    "p95": 0.0009752059704624116
  },
  "emitter_std": {
    "mean": 0.13450340926647186,
    "p95": 0.13450853526592255
  },
  "lp_std": {
    "mean": 0.14198420941829681,
    "p95": 0.14200225472450256
  },
  "rec_nll": 83129.5078125
}