{
  "rec_std": {
    "mean": 0.0008815758628770709,
    "p95": 0.0009402819559909403
  },
  "emitter_std": {
    "mean": 0.13068491220474243,
    "p95": 0.1306903064250946
  },
  "lp_std": {
    "mean": 0.1547771394252777,
    "p95": 0.15717048943042755
  },
  "rec_nll": 93544.6875
}