{
  "rec_std": {
    "mean": 0.000921567203477025,
    "p95": 0.0009656428592279553
  },
  "emitter_std": {
    "mean": 0.13423055410385132,
    "p95": 0.1342356950044632
  },
  "lp_std": {
    "mean": 0.1432039886713028,
    "p95": 0.14322838187217712
  },
  "rec_nll": 85268.234375
}