{
  "rec_std": {
    "mean": 0.0008793281740508974,
    "p95": 0.00093147496227175
  },
  "emitter_std": {
    "mean": 0.13090457022190094,
    "p95": 0.13091014325618744
  },
  "lp_std": {
    "mean": 0.15416672825813293,
    "p95": 0.15539763867855072
  },
  "rec_nll": 93324.59375
}