{
  "rec_std": {
    "mean": 0.3025885224342346,
    "p95": 0.676665186882019
  },
  "emitter_std": {
    "mean": 0.13110393285751343,
    "p95": 0.13117292523384094
  },
  "lp_std": {
    "mean": 0.1267126202583313,
    "p95": 0.1305720955133438
  },
  "psf_std": {
    "mean": 0.13104380667209625,
    "p95": 0.1310434490442276
  },
  "rec_nll": -1.0906047821044922
}