{
  "rec_std": {
    "mean": 0.34999987483024597,
    "p95": 1.2490620613098145
  },
  "emitter_std": {
    "mean": 0.13311003148555756,
    "p95": 0.13318955898284912
  },
  "lp_std": {
    "mean": 0.13125739991664886,
    "p95": 0.1324886828660965
  },
  "psf_std": {
    "mean": 0.13319972157478333,
    "p95": 0.13319973647594452
  },
  "rec_nll": -1.0440819263458252
}