{
  "rec_std": {
    "mean": 0.0009097494184970856,
    "p95": 0.0009541534236632288
  },
  "emitter_std": {
    "mean": 0.13365715742111206,
    "p95": 0.13366247713565826
  },
  "lp_std": {
    "mean": 0.14548489451408386,
    "p95": 0.14551211893558502
  },
  "rec_nll": 88062.015625
}