{
  "rec_std": {
    "mean": 0.0008778077317401767,
    "p95": 0.0009273355244658887
  },
  "emitter_std": {
    "mean": 0.13083162903785706,
    "p95": 0.1308368295431137
  },
  "lp_std": {
    "mean": 0.15436892211437225,
    "p95": 0.15544340014457703
  },
  "rec_nll": 93659.1015625
}