{
  "rec_std": {
    "mean": 0.000913644558750093,
    "p95": 0.0009583642822690308
  },
  "emitter_std": {
    "mean": 0.1338507980108261,
    "p95": 0.13385604321956635
  },
  "lp_std": {
    "mean": 0.14475105702877045,
    "p95": 0.14477694034576416
  },
  "rec_nll": 87128.84375
}