{
  "rec_std": {
    "mean": 0.04013264551758766,
    "p95": 0.05400124192237854
  },
  "emitter_std": {
    "mean": 0.1367512047290802,
    "p95": 0.136983722448349
  },
  "rec_nll": 17.058834075927734
}