{
  "rec_std": {
    "mean": 0.29311317205429077,
    "p95": 1.1463916301727295
  },
  "emitter_std": {
    "mean": 0.12454277276992798,
    "p95": 0.12477756291627884
  },
  "lp_std": {
    "mean": 0.11893076449632645,
    "p95": 0.12597104907035828
  },
  "psf_std": {
    "mean": 0.1250818818807602,
    "p95": 0.1250840425491333
  },
  "rec_nll": -1.1573232412338257
}