{
  "rec_std": {
    "mean": 0.018030734732747078,
    "p95": 0.04552644118666649
  },
  "lp_std": {
    "mean": 0.13677500188350677,
    "p95": 0.1368042677640915
  },
  "rec_nll": 20.745319366455078
}