{
  "rec_std": {
    "mean": 0.3976844847202301,
    "p95": 1.8027257919311523
  },
  "emitter_std": {
    "mean": 0.13324487209320068,
    "p95": 0.13334210216999054
  },
  "lp_std": {
    "mean": 0.13175365328788757,
    "p95": 0.13317784667015076
  },
  "psf_std": {
    "mean": 0.13338316977024078,
    "p95": 0.13338330388069153
  },
  "rec_nll": -1.0264711380004883
}