{
  "rec_std": {
    "mean": 0.31256103515625,
    "p95": 0.9256275296211243
  },
  "emitter_std": {
    "mean": 0.13382083177566528,
    "p95": 0.13385310769081116
  },
  "lp_std": {
    "mean": 0.1336555927991867,
    "p95": 0.13467518985271454
  },
  "psf_std": {
    "mean": 0.13393999636173248,
    "p95": 0.13394016027450562
  },
  "rec_nll": -0.9752639532089233
}