{
  "rec_std": {
    "mean": 0.0009085906203836203,
    "p95": 0.0009531316463835537
  },
  "emitter_std": {
    "mean": 0.13360197842121124,
    "p95": 0.13360700011253357
  },
  "lp_std": {
    "mean": 0.14568880200386047,
    "p95": 0.14571502804756165
  },
  "rec_nll": 88426.5859375
}