{
  "rec_std": {
    "mean": 0.30264708399772644,
    "p95": 0.39394551515579224
  },
  "emitter_std": {
    "mean": 0.13380612432956696,
    "p95": 0.13383309543132782
  },
  "lp_std": {
    "mean": 0.1332445591688156,
    "p95": 0.13346858322620392
  },
  "psf_std": {
    "mean": 0.13394750654697418,
    "p95": 0.13394807279109955
  },
  "rec_nll": -0.9681338667869568
}