{
  "rec_std": {
    "mean": 0.0008970517665147781,
    "p95": 0.0009421862196177244
  },
  "emitter_std": {
    "mean": 0.13278557360172272,
    "p95": 0.13279102742671967
  },
  "lp_std": {
    "mean": 0.1485089361667633,
    "p95": 0.14854158461093903
  },
  "rec_nll": 90667.8125
}