{
  "rec_std": {
    "mean": 0.3110871911048889,
    "p95": 0.6395292282104492
  },
  "emitter_std": {
    "mean": 0.1340911090373993,
    "p95": 0.13411663472652435
  },
  "lp_std": {
    "mean": 0.13394322991371155,
    "p95": 0.13444332778453827
  },
  "psf_std": {
    "mean": 0.13421252369880676,
    "p95": 0.13421282172203064
  },
  "rec_nll": -0.9761727452278137
}