{
  "rec_std": {
    "mean": 0.0008905907743610442,
    "p95": 0.0009357624803669751
  },
  "emitter_std": {
    "mean": 0.13232509791851044,
    "p95": 0.1323302835226059
  },
  "lp_std": {
    "mean": 0.14998504519462585,
    "p95": 0.1500302404165268
  },
  "rec_nll": 92245.3515625
}