{
  "rec_std": {
    "mean": 0.2837611436843872,
    "p95": 0.9936534762382507
  },
  "emitter_std": {
    "mean": 0.12338940799236298,
    "p95": 0.12364127486944199
  },
  "lp_std": {
    "mean": 0.11727450788021088,
    "p95": 0.12500059604644775
  },
  "psf_std": {
    "mean": 0.12394329905509949,
    "p95": 0.12394487112760544
  },
  "rec_nll": -1.1912678480148315
}