{
  "rec_std": {
    "mean": 0.33331748843193054,
    "p95": 0.8855212926864624
  },
  "emitter_std": {
    "mean": 0.1330653876066208,
    "p95": 0.1331130564212799
  },
  "lp_std": {
    "mean": 0.13217075169086456,
    "p95": 0.13435675203800201
  },
  "psf_std": {
    "mean": 0.133143350481987,
    "p95": 0.13314330577850342
  },
  "rec_nll": -0.946080207824707
}