{
  "rec_std": {
    "mean": 0.0008816478657536209,
    "p95": 0.0009373549837619066
  },
  "emitter_std": {
    "mean": 0.1312222182750702,
    "p95": 0.13122765719890594
  },
  "lp_std": {
    "mean": 0.15327109396457672,
    "p95": 0.15418539941310883
  },
  "rec_nll": 92900.7734375
}