{
  "rec_std": {
    "mean": 0.0009247555281035602,
    "p95": 0.0009697008063085377
  },
  "emitter_std": {
    "mean": 0.13432390987873077,
    "p95": 0.13432875275611877
  },
  "lp_std": {
    "mean": 0.14279724657535553,
    "p95": 0.1428205668926239
  },
  "rec_nll": 85056.0546875
}