{
  "rec_std": {
    "mean": 0.0008838967769406736,
    "p95": 0.0009305562125518918
  },
  "emitter_std": {
    "mean": 0.13163121044635773,
    "p95": 0.13163691759109497
  },
  "lp_std": {
    "mean": 0.15208163857460022,
    "p95": 0.15237435698509216
  },
  "rec_nll": 93055.1015625
}