{
  "rec_std": {
    "mean": 0.2881377935409546,
    "p95": 0.6889099478721619
  },
  "emitter_std": {
    "mean": 0.13222333788871765,
    "p95": 0.1322575807571411
  },
  "lp_std": {
    "mean": 0.13073669373989105,
    "p95": 0.1325259655714035
  },
  "psf_std": {
    "mean": 0.13226959109306335,
    "p95": 0.13226963579654694
  },
  "rec_nll": -0.8986063003540039
}