{
  "rec_std": {
    "mean": 0.0008817391353659332,
    "p95": 0.0009312449838034809
  },
  "emitter_std": {
    "mean": 0.13130778074264526,
    "p95": 0.1313132792711258
  },
  "lp_std": {
    "mean": 0.15302567183971405,
    "p95": 0.1537685990333557
  },
  "rec_nll": 93228.046875
}