{
  "rec_std": {
    "mean": 0.0009599480545148253,
    "p95": 0.0010028289398178458
  },
  "emitter_std": {
    "mean": 0.13501159846782684,
    "p95": 0.13501551747322083
  },
  "lp_std": {
    "mean": 0.1392648071050644,
    "p95": 0.13928090035915375
  },
  "rec_nll": 77007.1640625
}