{
  "rec_std": {
    "mean": 0.0008868467411957681,
    "p95": 0.0009330833563581109
  },
  "emitter_std": {
    "mean": 0.13197565078735352,
    "p95": 0.13198113441467285
  },
  "lp_std": {
    "mean": 0.1510532796382904,
    "p95": 0.15112581849098206
  },
  "rec_nll": 92837.7265625
}