{
  "rec_std": {
    "mean": 0.0009081693715415895,
    "p95": 0.0009525584173388779
  },
  "emitter_std": {
    "mean": 0.13353541493415833,
    "p95": 0.13354048132896423
  },
  "lp_std": {
    "mean": 0.145933598279953,
    "p95": 0.14595983922481537
  },
  "rec_nll": 88196.1796875
}