{
  "rec_std": {
    "mean": 0.0009722406975924969,
    "p95": 0.001014558132737875
  },
  "emitter_std": {
    "mean": 0.13511523604393005,
    "p95": 0.13511887192726135
  },
  "lp_std": {
    "mean": 0.13857591152191162,
    "p95": 0.13859079778194427
  },
  "rec_nll": 74221.71875
}