{
  "rec_std": {
    "mean": 0.0009211924625560641,
    "p95": 0.0009654714376665652
  },
  "emitter_std": {
    "mean": 0.13421130180358887,
    "p95": 0.13421623408794403
  },
  "lp_std": {
    "mean": 0.14328531920909882,
    "p95": 0.1433085948228836
  },
  "rec_nll": 85858.2578125
}