{
  "rec_std": {
    "mean": 0.32513222098350525,
    "p95": 0.7923927903175354
  },
  "emitter_std": {
    "mean": 0.13399472832679749,
    "p95": 0.1340242624282837
  },
  "lp_std": {
    "mean": 0.1338585764169693,
    "p95": 0.1344318836927414
  },
  "psf_std": {
    "mean": 0.13411857187747955,
    "p95": 0.13411884009838104
  },
  "rec_nll": -0.9190667867660522
}