{
  "rec_std": {
    "mean": 0.0009331842302344739,
    "p95": 0.0009774327045306563
  },
  "emitter_std": {
    "mean": 0.13458876311779022,
    "p95": 0.13459347188472748
  },
  "lp_std": {
    "mean": 0.14157792925834656,
    "p95": 0.14159779250621796
  },
  "rec_nll": 83367.59375
}