{
  "rec_std": {
    "mean": 0.0008897239458747208,
    "p95": 0.0009350448963232338
  },
  "emitter_std": {
    "mean": 0.13223208487033844,
    "p95": 0.1322374790906906
  },
  "lp_std": {
    "mean": 0.15027250349521637,
    "p95": 0.1503266841173172
  },
  "rec_nll": 92499.25
}