{
  "rec_std": {
    "mean": 0.28214403986930847,
    "p95": 0.6031454205513
  },
  "emitter_std": {
    "mean": 0.13116538524627686,
    "p95": 0.13120730221271515
  },
  "lp_std": {
    "mean": 0.12874896824359894,
    "p95": 0.13133955001831055
  },
  "psf_std": {
    "mean": 0.13120028376579285,
    "p95": 0.13120022416114807
  },
  "rec_nll": -0.9702930450439453
}