{
  "rec_std": {
    "mean": 0.0008956980309449136,
    "p95": 0.0009429470519535244
  },
  "emitter_std": {
    "mean": 0.13269728422164917,
    "p95": 0.1327030211687088
  },
  "lp_std": {
    "mean": 0.1487956941127777,
    "p95": 0.14887194335460663
  },
  "rec_nll": 90632.5390625
}