{
  "rec_std": {
    "mean": 0.0009212694130837917,
    "p95": 0.0009657646878622472
  },
  "emitter_std": {
    "mean": 0.1342209428548813,
    "p95": 0.13422606885433197
  },
  "lp_std": {
    "mean": 0.143244668841362,
    "p95": 0.1432684063911438
  },
  "rec_nll": 85502.7890625
}