{
  "rec_std": {
    "mean": 0.0008886801660992205,
    "p95": 0.0009694751934148371
  },
  "emitter_std": {
    "mean": 0.1304621696472168,
    "p95": 0.13046768307685852
  },
  "lp_std": {
    "mean": 0.15538369119167328,
    "p95": 0.15921743214130402
  },
  "rec_nll": 91733.171875
}