{
  "rec_std": {
    "mean": 0.3055882155895233,
    "p95": 0.8703282475471497
  },
  "emitter_std": {
    "mean": 0.13056185841560364,
    "p95": 0.13064999878406525
  },
  "lp_std": {
    "mean": 0.12588655948638916,
    "p95": 0.13031111657619476
  },
  "psf_std": {
    "mean": 0.13051943480968475,
    "p95": 0.13051918148994446
  },
  "rec_nll": -1.0765101909637451
}