{
  "rec_std": {
    "mean": 0.29251760244369507,
    "p95": 0.8752836585044861
  },
  "emitter_std": {
    "mean": 0.1234668716788292,
    "p95": 0.12375546246767044
  },
  "lp_std": {
    "mean": 0.11741895973682404,
    "p95": 0.12512129545211792
  },
  "psf_std": {
    "mean": 0.12405779212713242,
    "p95": 0.12405954301357269
  },
  "rec_nll": -1.2025030851364136
}