{
  "rec_std": {
    "mean": 0.000914858712349087,
    "p95": 0.0009587531094439328
  },
  "emitter_std": {
    "mean": 0.1339130699634552,
    "p95": 0.13391798734664917
  },
  "lp_std": {
    "mean": 0.14450664818286896,
    "p95": 0.1445315182209015
  },
  "rec_nll": 87386.3046875
}