{
  "rec_std": {
    "mean": 0.000985060236416757,
    "p95": 0.0010272781364619732
  },
  "emitter_std": {
    "mean": 0.13518203794956207,
    "p95": 0.13518548011779785
  },
  "lp_std": {
    "mean": 0.13808999955654144,
    "p95": 0.13810600340366364
  },
  "rec_nll": 71637.921875
}