{
  "rec_std": {
    "mean": 0.0010389903327450156,
    "p95": 0.0010806110221892595
  },
  "emitter_std": {
    "mean": 0.13530948758125305,
    "p95": 0.13531239330768585
  },
  "lp_std": {
    "mean": 0.13699837028980255,
    "p95": 0.13701361417770386
  },
  "rec_nll": 64209.55859375
}