{
  "rec_std": {
    "mean": 0.0009278474026359618,
    "p95": 0.0009721058304421604
  },
  "emitter_std": {
    "mean": 0.13440582156181335,
    "p95": 0.13441069424152374
  },
  "lp_std": {
    "mean": 0.14243130385875702,
    "p95": 0.14245286583900452
  },
  "rec_nll": 84345.125
}