{
  "rec_std": {
    "mean": 0.0010542578529566526,
    "p95": 0.0011059389216825366
  },
  "emitter_std": {
    "mean": 0.13532519340515137,
    "p95": 0.135328009724617
  },
  "lp_std": {
    "mean": 0.13683681190013885,
    "p95": 0.13685858249664307
  },
  "rec_nll": 61775.49609375
}