{
  "rec_std": {
    "mean": 0.0009368638275191188,
    "p95": 0.0009835297241806984
  },
  "emitter_std": {
    "mean": 0.13466334342956543,
    "p95": 0.13466861844062805
  },
  "lp_std": {
    "mean": 0.14121241867542267,
    "p95": 0.14124467968940735
  },
  "rec_nll": 81828.0
}