{
  "rec_std": {
    "mean": 0.0008836477063596249,
    "p95": 0.0009300282108597457
  },
  "emitter_std": {
    "mean": 0.1316034346818924,
    "p95": 0.13160882890224457
  },
  "lp_std": {
    "mean": 0.15216393768787384,
    "p95": 0.1524387001991272
  },
  "rec_nll": 93323.234375
}