{
  "rec_std": {
    "mean": 0.0008978544501587749,
    "p95": 0.0009422258008271456
  },
  "emitter_std": {
    "mean": 0.1328481137752533,
    "p95": 0.13285356760025024
  },
  "lp_std": {
    "mean": 0.14830417931079865,
    "p95": 0.1483393758535385
  },
  "rec_nll": 90702.2734375
}