{
  "rec_std": {
    "mean": 0.000884914887137711,
    "p95": 0.0009555647848173976
  },
  "emitter_std": {
    "mean": 0.13049177825450897,
    "p95": 0.13049684464931488
  },
  "lp_std": {
    "mean": 0.1553013026714325,
    "p95": 0.15847980976104736
  },
  "rec_nll": 93220.2421875
}