{
  "rec_std": {
    "mean": 0.0008867154247127473,
    "p95": 0.0009323441772721708
  },
  "emitter_std": {
    "mean": 0.13196204602718353,
    "p95": 0.13196758925914764
  },
  "lp_std": {
    "mean": 0.15109440684318542,
    "p95": 0.15115675330162048
  },
  "rec_nll": 92757.1015625
}