{
  "rec_std": {
    "mean": 0.0008983579464256763,
    "p95": 0.0009428586927242577
  },
  "emitter_std": {
    "mean": 0.13289763033390045,
    "p95": 0.13290278613567352
  },
  "lp_std": {
    "mean": 0.14814049005508423,
    "p95": 0.14818447828292847
  },
  "rec_nll": 90841.78125
}