{
  "rec_std": {
    "mean": 0.0008967403555288911,
    "p95": 0.0009411157807335258
  },
  "emitter_std": {
    "mean": 0.13277287781238556,
    "p95": 0.13277791440486908
  },
  "lp_std": {
    "mean": 0.1485499143600464,
    "p95": 0.14858479797840118
  },
  "rec_nll": 91202.7578125
}