{
  "rec_std": {
    "mean": 0.0009922623867169023,
    "p95": 0.0010341384913772345
  },
  "emitter_std": {
    "mean": 0.13521349430084229,
    "p95": 0.1352170705795288
  },
  "lp_std": {
    "mean": 0.1378471553325653,
    "p95": 0.13786077499389648
  },
  "rec_nll": 69631.75
}