{
  "rec_std": {
    "mean": 0.3754560053348541,
    "p95": 1.9861664772033691
  },
  "emitter_std": {
    "mean": 0.13313961029052734,
    "p95": 0.1332407295703888
  },
  "lp_std": {
    "mean": 0.13146232068538666,
    "p95": 0.13344500958919525
  },
  "psf_std": {
    "mean": 0.13326117396354675,
    "p95": 0.13326118886470795
  },
  "rec_nll": -0.9432622790336609
}