{
  "rec_std": {
    "mean": 0.2818349599838257,
    "p95": 0.7908568978309631
  },
  "emitter_std": {
    "mean": 0.12673118710517883,
    "p95": 0.12684550881385803
  },
  "lp_std": {
    "mean": 0.12009399384260178,
    "p95": 0.126695454120636
  },
  "psf_std": {
    "mean": 0.12678129971027374,
    "p95": 0.1267840564250946
  },
  "rec_nll": -1.0905325412750244
}