{
  "rec_std": {
    "mean": 0.04623914510011673,
    "p95": 0.06231238320469856
  },
  "emitter_std": {
    "mean": 0.13707521557807922,
    "p95": 0.13732744753360748
  },
  "rec_nll": 6.7931132316589355
}