{
  "rec_std": {
    "mean": 0.0010423630010336637,
    "p95": 0.0010991172166541219
  },
  "emitter_std": {
    "mean": 0.1353134959936142,
    "p95": 0.13531629741191864
  },
  "lp_std": {
    "mean": 0.13695795834064484,
    "p95": 0.13698333501815796
  },
  "rec_nll": 63904.28515625
}