{
  "rec_std": {
    "mean": 0.27669551968574524,
    "p95": 0.3485950529575348
  },
  "emitter_std": {
    "mean": 0.12739652395248413,
    "p95": 0.1274908185005188
  },
  "lp_std": {
    "mean": 0.12099141627550125,
    "p95": 0.12723898887634277
  },
  "psf_std": {
    "mean": 0.12741127610206604,
    "p95": 0.127414733171463
  },
  "rec_nll": -1.1179691553115845
}