{
  "rec_std": {
    "mean": 0.0008905418799258769,
    "p95": 0.000983733800239861
  },
  "emitter_std": {
    "mean": 0.1305960714817047,
    "p95": 0.13060101866722107
  },
  "lp_std": {
    "mean": 0.1550264060497284,
    "p95": 0.15883830189704895
  },
  "rec_nll": 91693.4765625
}