{
  "rec_std": {
    "mean": 0.027980096638202667,
    "p95": 0.07351594418287277
  },
  "lp_std": {
    "mean": 0.1394452154636383,
    "p95": 0.13959555327892303
  },
  "rec_nll": 159.57431030273438
}