{
  "rec_std": {
    "mean": 0.0008811911684460938,
    "p95": 0.0009312440524809062
  },
  "emitter_std": {
    "mean": 0.13115067780017853,
    "p95": 0.13115628063678741
  },
  "lp_std": {
    "mean": 0.15347513556480408,
    "p95": 0.15441782772541046
  },
  "rec_nll": 93011.5703125
}