{
  "rec_std": {
    "mean": 0.000882019056007266,
    "p95": 0.0009319403325207531
  },
  "emitter_std": {
    "mean": 0.13143476843833923,
    "p95": 0.1314399391412735
  },
  "lp_std": {
    "mean": 0.1526569128036499,
    "p95": 0.15324576199054718
  },
  "rec_nll": 93751.78125
}