{
  "rec_std": {
    "mean": 0.025853365659713745,
    "p95": 0.09012594819068909
  },
  "lp_std": {
    "mean": 0.1439553201198578,
    "p95": 0.14422424137592316
  },
  "rec_nll": 5995.04833984375
}