{
  "rec_std": {
    "mean": 0.3034287989139557,
    "p95": 0.5626314282417297
  },
  "emitter_std": {
    "mean": 0.13163459300994873,
    "p95": 0.13170380890369415
  },
  "lp_std": {
    "mean": 0.1277824491262436,
    "p95": 0.1304187774658203
  },
  "psf_std": {
    "mean": 0.1315876841545105,
    "p95": 0.1315874308347702
  },
  "rec_nll": -1.0239226818084717
}