{
  "rec_std": {
    "mean": 0.3082968592643738,
    "p95": 0.7792171835899353
  },
  "emitter_std": {
    "mean": 0.1320572942495346,
    "p95": 0.13212062418460846
  },
  "lp_std": {
    "mean": 0.12866702675819397,
    "p95": 0.13104039430618286
  },
  "psf_std": {
    "mean": 0.13201753795146942,
    "p95": 0.13201743364334106
  },
  "rec_nll": -1.0037521123886108
}