{
  "rec_std": {
    "mean": 0.0009019945282489061,
    "p95": 0.000947425898630172
  },
  "emitter_std": {
    "mean": 0.1331758350133896,
    "p95": 0.1331809014081955
  },
  "lp_std": {
    "mean": 0.14719972014427185,
    "p95": 0.147239089012146
  },
  "rec_nll": 90022.3203125
}