{
  "rec_std": {
    "mean": 0.28919467329978943,
    "p95": 0.5083050727844238
  },
  "emitter_std": {
    "mean": 0.1288347840309143,
    "p95": 0.12893125414848328
  },
  "lp_std": {
    "mean": 0.12318476289510727,
    "p95": 0.1286018043756485
  },
  "psf_std": {
    "mean": 0.12883655726909637,
    "p95": 0.12883861362934113
  },
  "rec_nll": -1.0976543426513672
}