{
  "rec_std": {
    "mean": 0.3049192726612091,
    "p95": 0.36610522866249084
  },
  "emitter_std": {
    "mean": 0.1342765986919403,
    "p95": 0.13429848849773407
  },
  "lp_std": {
    "mean": 0.13393990695476532,
    "p95": 0.13402342796325684
  },
  "psf_std": {
    "mean": 0.13439427316188812,
    "p95": 0.13439467549324036
  },
  "rec_nll": -0.9699060916900635
}