{
  "rec_std": {
    "mean": 0.0009286760468967259,
    "p95": 0.000972136331256479
  },
  "emitter_std": {
    "mean": 0.13442368805408478,
    "p95": 0.13442881405353546
  },
  "lp_std": {
    "mean": 0.142349973320961,
    "p95": 0.142375648021698
  },
  "rec_nll": 83906.765625
}