{
  "rec_std": {
    "mean": 0.00092978187603876,
    "p95": 0.000974631286226213
  },
  "emitter_std": {
    "mean": 0.13445045053958893,
    "p95": 0.13445554673671722
  },
  "lp_std": {
    "mean": 0.14222802221775055,
    "p95": 0.1422567218542099
  },
  "rec_nll": 83749.671875
}