{
  "rec_std": {
    "mean": 0.3124522864818573,
    "p95": 0.8467090129852295
  },
  "emitter_std": {
    "mean": 0.13153454661369324,
    "p95": 0.13161776959896088
  },
  "lp_std": {
    "mean": 0.12764427065849304,
    "p95": 0.13099628686904907
  },
  "psf_std": {
    "mean": 0.13150061666965485,
    "p95": 0.13150037825107574
  },
  "rec_nll": -1.0522758960723877
}