{
  "rec_std": {
    "mean": 0.0009320760145783424,
    "p95": 0.000975589849986136
  },
  "emitter_std": {
    "mean": 0.13456329703330994,
    "p95": 0.13456793129444122
  },
  "lp_std": {
    "mean": 0.14169982075691223,
    "p95": 0.14171940088272095
  },
  "rec_nll": 83765.546875
}