{
  "rec_std": {
    "mean": 0.2877238094806671,
    "p95": 0.56644207239151
  },
  "emitter_std": {
    "mean": 0.12792712450027466,
    "p95": 0.12804225087165833
  },
  "lp_std": {
    "mean": 0.12185429781675339,
    "p95": 0.12778936326503754
  },
  "psf_std": {
    "mean": 0.1279565542936325,
    "p95": 0.12795910239219666
  },
  "rec_nll": -1.0985283851623535
}