{
  "rec_std": {
    "mean": 0.29504409432411194,
    "p95": 1.751988172531128
  },
  "emitter_std": {
    "mean": 0.13125473260879517,
    "p95": 0.1313135325908661
  },
  "lp_std": {
    "mean": 0.12910160422325134,
    "p95": 0.1324215531349182
  },
  "psf_std": {
    "mean": 0.13130983710289001,
    "p95": 0.13130974769592285
  },
  "rec_nll": 0.0317508764564991
}