{
  "rec_std": {
    "mean": 0.0018821795238181949,
    "p95": 0.0020391554571688175
  },
  "emitter_std": {
    "mean": 0.1353929191827774,
    "p95": 0.13540011644363403
  },
  "lp_std": {
    "mean": 0.13550080358982086,
    "p95": 0.13550862669944763
  },
  "rec_nll": 15252.4599609375
}