{
  "rec_std": {
    "mean": 0.0009055454866029322,
    "p95": 0.0009499381994828582
  },
  "emitter_std": {
    "mean": 0.13339874148368835,
    "p95": 0.1334037482738495
  },
  "lp_std": {
    "mean": 0.14642345905303955,
    "p95": 0.14645057916641235
  },
  "rec_nll": 89183.171875
}