{
  "rec_std": {
    "mean": 0.29527056217193604,
    "p95": 0.9761664271354675
  },
  "emitter_std": {
    "mean": 0.13212156295776367,
    "p95": 0.1321602463722229
  },
  "lp_std": {
    "mean": 0.13059267401695251,
    "p95": 0.13313841819763184
  },
  "psf_std": {
    "mean": 0.13216982781887054,
    "p95": 0.13216979801654816
  },
  "rec_nll": -0.9703676104545593
}