{
  "rec_std": {
    "mean": 0.039311811327934265,
    "p95": 0.10846629738807678
  },
  "lp_std": {
    "mean": 0.14125192165374756,
    "p95": 0.14152096211910248
  },
  "rec_nll": 1354.104736328125
}