{
  "rec_std": {
    "mean": 0.29871666431427,
    "p95": 0.8272085785865784
  },
  "emitter_std": {
    "mean": 0.13300661742687225,
    "p95": 0.1330358386039734
  },
  "lp_std": {
    "mean": 0.13206255435943604,
    "p95": 0.1337374448776245
  },
  "psf_std": {
    "mean": 0.13305850327014923,
    "p95": 0.13305851817131042
  },
  "rec_nll": -0.916226863861084
}