{
  "rec_std": {
    "mean": 0.0009352036868222058,
    "p95": 0.000979530974291265
  },
  "emitter_std": {
    "mean": 0.13463051617145538,
    "p95": 0.13463591039180756
  },
  "lp_std": {
    "mean": 0.14137481153011322,
    "p95": 0.14139369130134583
  },
  "rec_nll": 82033.1171875
}