{
  "rec_std": {
    "mean": 0.31547781825065613,
    "p95": 1.0183991193771362
  },
  "emitter_std": {
    "mean": 0.13220538198947906,
    "p95": 0.1322786808013916
  },
  "lp_std": {
    "mean": 0.12902460992336273,
    "p95": 0.13147062063217163
  },
  "psf_std": {
    "mean": 0.1321808397769928,
    "p95": 0.13218079507350922
  },
  "rec_nll": -1.0447289943695068
}