{
  "rec_std": {
    "mean": 0.001117417006753385,
    "p95": 0.0011823229724541306
  },
  "emitter_std": {
    "mean": 0.13535718619823456,
    "p95": 0.1353592723608017
  },
  "lp_std": {
    "mean": 0.13647083938121796,
    "p95": 0.1365002691745758
  },
  "rec_nll": 55876.41015625
}