{
  "rec_std": {
    "mean": 0.28240305185317993,
    "p95": 0.46562373638153076
  },
  "emitter_std": {
    "mean": 0.12831154465675354,
    "p95": 0.12840266525745392
  },
  "lp_std": {
    "mean": 0.1223583072423935,
    "p95": 0.12785524129867554
  },
  "psf_std": {
    "mean": 0.12831911444664001,
    "p95": 0.12832242250442505
  },
  "rec_nll": -1.1013834476470947
}