{
  "rec_std": {
    "mean": 0.5345561504364014,
    "p95": 2.039987564086914
  },
  "emitter_std": {
    "mean": 0.13328078389167786,
    "p95": 0.13339029252529144
  },
  "lp_std": {
    "mean": 0.1319335401058197,
    "p95": 0.13350532948970795
  },
  "psf_std": {
    "mean": 0.13344308733940125,
    "p95": 0.13344326615333557
  },
  "rec_nll": -0.9480591416358948
}