{
  "rec_std": {
    "mean": 0.0009657087503001094,
    "p95": 0.0010081862565129995
  },
  "emitter_std": {
    "mean": 0.13506163656711578,
    "p95": 0.13506557047367096
  },
  "lp_std": {
    "mean": 0.13894060254096985,
    "p95": 0.13895653188228607
  },
  "rec_nll": 74835.65625
}