{
  "rec_std": {
    "mean": 0.0008912730845622718,
    "p95": 0.0009366372250951827
  },
  "emitter_std": {
    "mean": 0.13237763941287994,
    "p95": 0.1323828548192978
  },
  "lp_std": {
    "mean": 0.14982084929943085,
    "p95": 0.14986653625965118
  },
  "rec_nll": 92369.421875
}