{
  "rec_std": {
    "mean": 0.3067130148410797,
    "p95": 0.42547205090522766
  },
  "emitter_std": {
    "mean": 0.13348552584648132,
    "p95": 0.13352589309215546
  },
  "lp_std": {
    "mean": 0.13297776877880096,
    "p95": 0.1334017515182495
  },
  "psf_std": {
    "mean": 0.1335890293121338,
    "p95": 0.1335890144109726
  },
  "rec_nll": -1.002077579498291
}