{
  "rec_std": {
    "mean": 0.0009001641883514822,
    "p95": 0.0009444992756471038
  },
  "emitter_std": {
    "mean": 0.1330445557832718,
    "p95": 0.1330498605966568
  },
  "lp_std": {
    "mean": 0.14764945209026337,
    "p95": 0.14768138527870178
  },
  "rec_nll": 90135.3515625
}