{
  "rec_std": {
    "mean": 0.0008813819149509072,
    "p95": 0.000940587604418397
  },
  "emitter_std": {
    "mean": 0.13065548241138458,
    "p95": 0.13066087663173676
  },
  "lp_std": {
    "mean": 0.15485762059688568,
    "p95": 0.1572728455066681
  },
  "rec_nll": 93432.3828125
}