{
  "rec_std": {
    "mean": 0.000915310753043741,
    "p95": 0.000959154509473592
  },
  "emitter_std": {
    "mean": 0.13393354415893555,
    "p95": 0.13393840193748474
  },
  "lp_std": {
    "mean": 0.1444251835346222,
    "p95": 0.14444385468959808
  },
  "rec_nll": 87307.953125
}