{
  "rec_std": {
    "mean": 0.0008961138082668185,
    "p95": 0.0009414357482455671
  },
  "emitter_std": {
    "mean": 0.13273502886295319,
    "p95": 0.1327400654554367
  },
  "lp_std": {
    "mean": 0.14867283403873444,
    "p95": 0.1487116515636444
  },
  "rec_nll": 91407.5859375
}