{
  "rec_std": {
    "mean": 0.0008837028872221708,
    "p95": 0.0009523252374492586
  },
  "emitter_std": {
    "mean": 0.13064073026180267,
    "p95": 0.13064616918563843
  },
  "lp_std": {
    "mean": 0.1548996865749359,
    "p95": 0.15767408907413483
  },
  "rec_nll": 92770.625
}