{
  "rec_std": {
    "mean": 0.28486692905426025,
    "p95": 0.968650221824646
  },
  "emitter_std": {
    "mean": 0.1255352646112442,
    "p95": 0.12570248544216156
  },
  "lp_std": {
    "mean": 0.11843855679035187,
    "p95": 0.12566964328289032
  },
  "psf_std": {
    "mean": 0.12565304338932037,
    "p95": 0.12565481662750244
  },
  "rec_nll": -1.1644394397735596
}