{
  "rec_std": {
    "mean": 0.000902845524251461,
    "p95": 0.0009468278149142861
  },
  "emitter_std": {
    "mean": 0.13323521614074707,
    "p95": 0.13324008882045746
  },
  "lp_std": {
    "mean": 0.14699532091617584,
    "p95": 0.14702416956424713
  },
  "rec_nll": 90125.921875
}