{
  "rec_std": {
    "mean": 0.0008990913047455251,
    "p95": 0.0009435209212824702
  },
  "emitter_std": {
    "mean": 0.13297146558761597,
    "p95": 0.13297654688358307
  },
  "lp_std": {
    "mean": 0.14789490401744843,
    "p95": 0.14792872965335846
  },
  "rec_nll": 90649.671875
}