{
  "rec_std": {
    "mean": 0.0008861645474098623,
    "p95": 0.0009386303136125207
  },
  "emitter_std": {
    "mean": 0.13179746270179749,
    "p95": 0.13180303573608398
  },
  "lp_std": {
    "mean": 0.15158838033676147,
    "p95": 0.15192846953868866
  },
  "rec_nll": 91968.203125
}