{
  "rec_std": {
    "mean": 0.0015162262134253979,
    "p95": 0.0015624110819771886
  },
  "emitter_std": {
    "mean": 0.13539883494377136,
    "p95": 0.13540033996105194
  },
  "lp_std": {
    "mean": 0.13582275807857513,
    "p95": 0.1358272135257721
  },
  "rec_nll": 30975.322265625
}