{
  "rec_std": {
    "mean": 0.03622341901063919,
    "p95": 0.049162738025188446
  },
  "emitter_std": {
    "mean": 0.13658909499645233,
    "p95": 0.13683411478996277
  },
  "rec_nll": 9.860766410827637
}