{
  "rec_std": {
    "mean": 0.018989205360412598,
    "p95": 0.0481543205678463
  },
  "lp_std": {
    "mean": 0.13682228326797485,
    "p95": 0.13685265183448792
  },
  "rec_nll": 18.0815486907959
}