{
  "rec_std": {
    "mean": 0.0008802069933153689,
    "p95": 0.000931894697714597
  },
  "emitter_std": {
    "mean": 0.13078755140304565,
    "p95": 0.13079285621643066
  },
  "lp_std": {
    "mean": 0.15449273586273193,
    "p95": 0.15629860758781433
  },
  "rec_nll": 93444.71875
}