{
  "rec_std": {
    "mean": 0.04065271466970444,
    "p95": 0.0558771938085556
  },
  "emitter_std": {
    "mean": 0.13665971159934998,
    "p95": 0.136924147605896
  },
  "rec_nll": 6.98365592956543
}