{
  "rec_std": {
    "mean": 0.02176310494542122,
    "p95": 0.0610552616417408
  },
  "lp_std": {
    "mean": 0.13655635714530945,
    "p95": 0.13658879697322845
  },
  "rec_nll": 30.9748592376709
}