{
  "rec_std": {
    "mean": 0.31386902928352356,
    "p95": 1.1351470947265625
  },
  "emitter_std": {
    "mean": 0.1336621195077896,
    "p95": 0.13369370996952057
  },
  "lp_std": {
    "mean": 0.1333853304386139,
    "p95": 0.13445697724819183
  },
  "psf_std": {
    "mean": 0.13377051055431366,
    "p95": 0.13377054035663605
  },
  "rec_nll": -1.0020016431808472
}