{
  "rec_std": {
    "mean": 0.29149511456489563,
    "p95": 0.8278104662895203
  },
  "emitter_std": {
    "mean": 0.12678928673267365,
    "p95": 0.12694306671619415
  },
  "lp_std": {
    "mean": 0.12024080008268356,
    "p95": 0.12674687802791595
  },
  "psf_std": {
    "mean": 0.12687596678733826,
    "p95": 0.12687844038009644
  },
  "rec_nll": -1.148391604423523
}