{
  "rec_std": {
    "mean": 0.0009779256070032716,
    "p95": 0.0010200486285611987
  },
  "emitter_std": {
    "mean": 0.13514940440654755,
    "p95": 0.13515283167362213
  },
  "lp_std": {
    "mean": 0.13833297789096832,
    "p95": 0.13834841549396515
  },
  "rec_nll": 73464.34375
}