{
  "rec_std": {
    "mean": 0.0377926267683506,
    "p95": 0.04945386201143265
  },
  "emitter_std": {
    "mean": 0.1366731822490692,
    "p95": 0.136940136551857
  },
  "rec_nll": 11.642845153808594
}