{
  "rec_std": {
    "mean": 0.030849594622850418,
    "p95": 0.07805322110652924
  },
  "lp_std": {
    "mean": 0.13872601091861725,
    "p95": 0.1388072371482849
  },
  "rec_nll": 134.74179077148438
}