{
  "rec_std": {
    "mean": 0.04009954258799553,
    "p95": 0.05496767908334732
  },
  "emitter_std": {
    "mean": 0.13662756979465485,
    "p95": 0.1368960440158844
  },
  "rec_nll": 7.124538421630859
}