{
  "rec_std": {
    "mean": 0.0008888158481568098,
    "p95": 0.0009334678179584444
  },
  "emitter_std": {
    "mean": 0.13213862478733063,
    "p95": 0.13214418292045593
  },
  "lp_std": {
    "mean": 0.15056003630161285,
    "p95": 0.15060226619243622
  },
  "rec_nll": 92441.0859375
}