{
  "rec_std": {
    "mean": 0.32183903455734253,
    "p95": 1.1096274852752686
  },
  "emitter_std": {
    "mean": 0.1333036720752716,
    "p95": 0.13335242867469788
  },
  "lp_std": {
    "mean": 0.13258665800094604,
    "p95": 0.13398122787475586
  },
  "psf_std": {
    "mean": 0.13340342044830322,
    "p95": 0.13340337574481964
  },
  "rec_nll": -1.0460803508758545
}