{
  "rec_std": {
    "mean": 0.0009380064439028502,
    "p95": 0.0009815719677135348
  },
  "emitter_std": {
    "mean": 0.13468749821186066,
    "p95": 0.13469256460666656
  },
  "lp_std": {
    "mean": 0.14109060168266296,
    "p95": 0.14110766351222992
  },
  "rec_nll": 81899.7421875
}