{
  "rec_std": {
    "mean": 0.2981036305427551,
    "p95": 0.9133986830711365
  },
  "emitter_std": {
    "mean": 0.13282006978988647,
    "p95": 0.1328522264957428
  },
  "lp_std": {
    "mean": 0.1318303793668747,
    "p95": 0.13348589837551117
  },
  "psf_std": {
    "mean": 0.132873073220253,
    "p95": 0.13287313282489777
  },
  "rec_nll": -0.9447973370552063
}