{
  "rec_std": {
    "mean": 0.0008951114723458886,
    "p95": 0.000939846271649003
  },
  "emitter_std": {
    "mean": 0.13264665007591248,
    "p95": 0.13265195488929749
  },
  "lp_std": {
    "mean": 0.14895957708358765,
    "p95": 0.14899320900440216
  },
  "rec_nll": 91316.96875
}