{
  "rec_std": {
    "mean": 0.0008900657412596047,
    "p95": 0.0009352260385639966
  },
  "emitter_std": {
    "mean": 0.13227194547653198,
    "p95": 0.13227716088294983
  },
  "lp_std": {
    "mean": 0.15014928579330444,
    "p95": 0.15019705891609192
  },
  "rec_nll": 92586.96875
}