{
  "rec_std": {
    "mean": 0.041343484073877335,
    "p95": 0.058002471923828125
  },
  "emitter_std": {
    "mean": 0.13652189075946808,
    "p95": 0.1367066502571106
  },
  "rec_nll": 12.086026191711426
}