{
  "rec_std": {
    "mean": 0.0008914950885809958,
    "p95": 0.0009364699944853783
  },
  "emitter_std": {
    "mean": 0.13239070773124695,
    "p95": 0.13239605724811554
  },
  "lp_std": {
    "mean": 0.14977985620498657,
    "p95": 0.14982837438583374
  },
  "rec_nll": 92031.125
}