{
  "rec_std": {
    "mean": 0.2973070740699768,
    "p95": 0.48586273193359375
  },
  "emitter_std": {
    "mean": 0.1298622041940689,
    "p95": 0.1300032138824463
  },
  "lp_std": {
    "mean": 0.124852254986763,
    "p95": 0.12942180037498474
  },
  "psf_std": {
    "mean": 0.1298806071281433,
    "p95": 0.129882350564003
  },
  "rec_nll": -1.089721441268921
}