{
  "rec_std": {
    "mean": 0.0008788626873865724,
    "p95": 0.0009299945668317378
  },
  "emitter_std": {
    "mean": 0.1309337317943573,
    "p95": 0.13093924522399902
  },
  "lp_std": {
    "mean": 0.15408477187156677,
    "p95": 0.1552685797214508
  },
  "rec_nll": 93823.7578125
}