{
  "rec_std": {
    "mean": 0.0009634490706957877,
    "p95": 0.0010061590000987053
  },
  "emitter_std": {
    "mean": 0.13504303991794586,
    "p95": 0.13504689931869507
  },
  "lp_std": {
    "mean": 0.13906218111515045,
    "p95": 0.13907814025878906
  },
  "rec_nll": 75614.1875
}