{
  "rec_std": {
    "mean": 0.0009197663748636842,
    "p95": 0.0009642477962188423
  },
  "emitter_std": {
    "mean": 0.13409453630447388,
    "p95": 0.13409942388534546
  },
  "lp_std": {
    "mean": 0.1437736600637436,
    "p95": 0.1437981277704239
  },
  "rec_nll": 86213.859375
}