{
  "rec_std": {
    "mean": 0.02859356813132763,
    "p95": 0.0883614718914032
  },
  "lp_std": {
    "mean": 0.14356304705142975,
    "p95": 0.14390283823013306
  },
  "rec_nll": 1171.792236328125
}