{
  "rec_std": {
    "mean": 0.00088647281518206,
    "p95": 0.0009328150772489607
  },
  "emitter_std": {
    "mean": 0.13193467259407043,
    "p95": 0.1319398581981659
  },
  "lp_std": {
    "mean": 0.1511767953634262,
    "p95": 0.15127968788146973
  },
  "rec_nll": 92987.6328125
}