{
  "rec_std": {
    "mean": 0.0008835542248561978,
    "p95": 0.0009543588384985924
  },
  "emitter_std": {
    "mean": 0.13067027926445007,
    "p95": 0.13067573308944702
  },
  "lp_std": {
    "mean": 0.1548190861940384,
    "p95": 0.15758249163627625
  },
  "rec_nll": 93124.3984375
}