{
  "rec_std": {
    "mean": 0.045283108949661255,
    "p95": 0.06287291646003723
  },
  "emitter_std": {
    "mean": 0.13685128092765808,
    "p95": 0.13706304132938385
  },
  "rec_nll": 6.742239475250244
}