{
  "rec_std": {
    "mean": 0.02953052520751953,
    "p95": 0.11322261393070221
  },
  "lp_std": {
    "mean": 0.14229807257652283,
    "p95": 0.1425771862268448
  },
  "rec_nll": 6994.03271484375
}