{
  "rec_std": {
    "mean": 0.001128308940678835,
    "p95": 0.0011745592346414924
  },
  "emitter_std": {
    "mean": 0.1353602558374405,
    "p95": 0.13536185026168823
  },
  "lp_std": {
    "mean": 0.13642923533916473,
    "p95": 0.13644768297672272
  },
  "rec_nll": 56040.38671875
}