{
  "rec_std": {
    "mean": 0.02897678129374981,
    "p95": 0.09451625496149063
  },
  "lp_std": {
    "mean": 0.14239723980426788,
    "p95": 0.1426313817501068
  },
  "rec_nll": 10191.5322265625
}