{
  "rec_std": {
    "mean": 0.0010641328990459442,
    "p95": 0.001132025383412838
  },
  "emitter_std": {
    "mean": 0.13533274829387665,
    "p95": 0.13533546030521393
  },
  "lp_std": {
    "mean": 0.13675597310066223,
    "p95": 0.13678774237632751
  },
  "rec_nll": 60509.109375
}