{
  "rec_std": {
    "mean": 0.000881857646163553,
    "p95": 0.0009305590647272766
  },
  "emitter_std": {
    "mean": 0.13133607804775238,
    "p95": 0.13134147226810455
  },
  "lp_std": {
    "mean": 0.15294389426708221,
    "p95": 0.15360388159751892
  },
  "rec_nll": 93103.3828125
}