{
  "rec_std": {
    "mean": 0.0010033452417701483,
    "p95": 0.001045416109263897
  },
  "emitter_std": {
    "mean": 0.1352478712797165,
    "p95": 0.13525134325027466
  },
  "lp_std": {
    "mean": 0.1375640630722046,
    "p95": 0.1375788450241089
  },
  "rec_nll": 67786.25
}