{
  "rec_std": {
    "mean": 0.0009433983359485865,
    "p95": 0.0009865515166893601
  },
  "emitter_std": {
    "mean": 0.134788379073143,
    "p95": 0.1347934603691101
  },
  "lp_std": {
    "mean": 0.14056286215782166,
    "p95": 0.140579953789711
  },
  "rec_nll": 80241.0078125
}