{
  "rec_std": {
    "mean": 0.28681808710098267,
    "p95": 0.6053375005722046
  },
  "emitter_std": {
    "mean": 0.12719762325286865,
    "p95": 0.1273103952407837
  },
  "lp_std": {
    "mean": 0.12080429494380951,
    "p95": 0.12721815705299377
  },
  "psf_std": {
    "mean": 0.1272374540567398,
    "p95": 0.1272396743297577
  },
  "rec_nll": -1.0808669328689575
}