{
  "rec_std": {
    "mean": 0.2914596498012543,
    "p95": 1.363356351852417
  },
  "emitter_std": {
    "mean": 0.13169264793395996,
    "p95": 0.13173407316207886
  },
  "lp_std": {
    "mean": 0.12980331480503082,
    "p95": 0.1327248066663742
  },
  "psf_std": {
    "mean": 0.13173778355121613,
    "p95": 0.1317376345396042
  },
  "rec_nll": -0.617722749710083
}