{
  "rec_std": {
    "mean": 0.3998844027519226,
    "p95": 2.3755900859832764
  },
  "emitter_std": {
    "mean": 0.132785826921463,
    "p95": 0.1329142302274704
  },
  "lp_std": {
    "mean": 0.13057585060596466,
    "p95": 0.13284248113632202
  },
  "psf_std": {
    "mean": 0.13287702202796936,
    "p95": 0.1328769326210022
  },
  "rec_nll": -1.009418249130249
}