{
  "rec_std": {
    "mean": 0.046068381518125534,
    "p95": 0.06406001001596451
  },
  "emitter_std": {
    "mean": 0.13702203333377838,
    "p95": 0.13722947239875793
  },
  "rec_nll": 12.72485065460205
}