{
  "rec_std": {
    "mean": 0.0009210540447384119,
    "p95": 0.0009652517619542778
  },
  "emitter_std": {
    "mean": 0.13418230414390564,
    "p95": 0.13418732583522797
  },
  "lp_std": {
    "mean": 0.14340735971927643,
    "p95": 0.14343227446079254
  },
  "rec_nll": 85906.2734375
}