{
  "rec_std": {
    "mean": 0.0012094136327505112,
    "p95": 0.0012677793856710196
  },
  "emitter_std": {
    "mean": 0.13537545502185822,
    "p95": 0.1353767216205597
  },
  "lp_std": {
    "mean": 0.13622672855854034,
    "p95": 0.13624250888824463
  },
  "rec_nll": 49476.5234375
}