{
  "rec_std": {
    "mean": 0.04269986227154732,
    "p95": 0.05888941511511803
  },
  "emitter_std": {
    "mean": 0.13678476214408875,
    "p95": 0.13702711462974548
  },
  "rec_nll": 9.379395484924316
}