{
  "rec_std": {
    "mean": 0.0008839534129947424,
    "p95": 0.0009497398277744651
  },
  "emitter_std": {
    "mean": 0.13053658604621887,
    "p95": 0.13054171204566956
  },
  "lp_std": {
    "mean": 0.1551806628704071,
    "p95": 0.15812693536281586
  },
  "rec_nll": 92986.859375
}