{
  "rec_std": {
    "mean": 0.0008997746044769883,
    "p95": 0.0009440938592888415
  },
  "emitter_std": {
    "mean": 0.13302019238471985,
    "p95": 0.13302521407604218
  },
  "lp_std": {
    "mean": 0.14773127436637878,
    "p95": 0.14776329696178436
  },
  "rec_nll": 90531.53125
}