{
  "rec_std": {
    "mean": 0.0009225152316503227,
    "p95": 0.0009717832435853779
  },
  "emitter_std": {
    "mean": 0.13425901532173157,
    "p95": 0.13426411151885986
  },
  "lp_std": {
    "mean": 0.1430819034576416,
    "p95": 0.14313489198684692
  },
  "rec_nll": 85385.09375
}