{
  "rec_std": {
    "mean": 0.030042285099625587,
    "p95": 0.08873389661312103
  },
  "lp_std": {
    "mean": 0.14470604062080383,
    "p95": 0.14501968026161194
  },
  "rec_nll": 1961.9051513671875
}