{
  "rec_std": {
    "mean": 0.0008795908652245998,
    "p95": 0.0009336732910014689
  },
  "emitter_std": {
    "mean": 0.1307581514120102,
    "p95": 0.13076303899288177
  },
  "lp_std": {
    "mean": 0.1545732617378235,
    "p95": 0.15639089047908783
  },
  "rec_nll": 93801.109375
}