{
  "rec_std": {
    "mean": 0.028481433168053627,
    "p95": 0.0733313113451004
  },
  "lp_std": {
    "mean": 0.13737305998802185,
    "p95": 0.137416809797287
  },
  "rec_nll": 8.946645736694336
}