{
  "rec_std": {
    "mean": 0.29531678557395935,
    "p95": 1.10587739944458
  },
  "emitter_std": {
    "mean": 0.13077029585838318,
    "p95": 0.13082744181156158
  },
  "lp_std": {
    "mean": 0.12617988884449005,
    "p95": 0.13044947385787964
  },
  "psf_std": {
    "mean": 0.1306936889886856,
    "p95": 0.13069355487823486
  },
  "rec_nll": -0.8700293898582458
}