{
  "rec_std": {
    "mean": 0.0008802952361293137,
    "p95": 0.0009378389804624021
  },
  "emitter_std": {
    "mean": 0.13094830513000488,
    "p95": 0.1309540718793869
  },
  "lp_std": {
    "mean": 0.15404510498046875,
    "p95": 0.1556215137243271
  },
  "rec_nll": 93562.921875
}