{
  "rec_std": {
    "mean": 0.0009203990339301527,
    "p95": 0.0009648019913583994
  },
  "emitter_std": {
    "mean": 0.1341239959001541,
    "p95": 0.13412900269031525
  },
  "lp_std": {
    "mean": 0.1436515599489212,
    "p95": 0.14368484914302826
  },
  "rec_nll": 85853.4921875
}