{
  "rec_std": {
    "mean": 0.2871585488319397,
    "p95": 0.3472140431404114
  },
  "emitter_std": {
    "mean": 0.12932075560092926,
    "p95": 0.12939447164535522
  },
  "lp_std": {
    "mean": 0.12393797188997269,
    "p95": 0.1291152536869049
  },
  "psf_std": {
    "mean": 0.12928614020347595,
    "p95": 0.12928801774978638
  },
  "rec_nll": -1.077015995979309
}