{
  "rec_std": {
    "mean": 0.32953736186027527,
    "p95": 0.4868288040161133
  },
  "emitter_std": {
    "mean": 0.13490328192710876,
    "p95": 0.13491490483283997
  },
  "lp_std": {
    "mean": 0.13477015495300293,
    "p95": 0.13506831228733063
  },
  "psf_std": {
    "mean": 0.13496503233909607,
    "p95": 0.134965181350708
  },
  "rec_nll": -0.7353923916816711
}