{
  "rec_std": {
    "mean": 0.0009391651838086545,
    "p95": 0.0009828810580074787
  },
  "emitter_std": {
    "mean": 0.13471145927906036,
    "p95": 0.13471639156341553
  },
  "lp_std": {
    "mean": 0.14096878468990326,
    "p95": 0.14098647236824036
  },
  "rec_nll": 81571.609375
}