{
  "rec_std": {
    "mean": 0.0009306789143010974,
    "p95": 0.0009785123402252793
  },
  "emitter_std": {
    "mean": 0.13447704911231995,
    "p95": 0.13448181748390198
  },
  "lp_std": {
    "mean": 0.14210616052150726,
    "p95": 0.14214958250522614
  },
  "rec_nll": 83758.3828125
}