{
  "rec_std": {
    "mean": 0.000884904176928103,
    "p95": 0.000976805342361331
  },
  "emitter_std": {
    "mean": 0.13037259876728058,
    "p95": 0.13037805259227753
  },
  "lp_std": {
    "mean": 0.155617356300354,
    "p95": 0.15904071927070618
  },
  "rec_nll": 92508.7890625
}