{
  "rec_std": {
    "mean": 0.0009503363398835063,
    "p95": 0.0009932571556419134
  },
  "emitter_std": {
    "mean": 0.134904682636261,
    "p95": 0.13490910828113556
  },
  "lp_std": {
    "mean": 0.13991360366344452,
    "p95": 0.1399296075105667
  },
  "rec_nll": 79198.4375
}