{
  "rec_std": {
    "mean": 0.30322009325027466,
    "p95": 1.278224229812622
  },
  "emitter_std": {
    "mean": 0.12529297173023224,
    "p95": 0.1255534291267395
  },
  "lp_std": {
    "mean": 0.1199544370174408,
    "p95": 0.12650690972805023
  },
  "psf_std": {
    "mean": 0.12585777044296265,
    "p95": 0.12585905194282532
  },
  "rec_nll": -1.1358617544174194
}