{
  "rec_std": {
    "mean": 0.0009329651365987957,
    "p95": 0.0009769325843080878
  },
  "emitter_std": {
    "mean": 0.13458038866519928,
    "p95": 0.13458548486232758
  },
  "lp_std": {
    "mean": 0.14161857962608337,
    "p95": 0.14163808524608612
  },
  "rec_nll": 82854.4296875
}