{
  "rec_std": {
    "mean": 0.28611043095588684,
    "p95": 1.0141487121582031
  },
  "emitter_std": {
    "mean": 0.1247853934764862,
    "p95": 0.12499184161424637
  },
  "lp_std": {
    "mean": 0.11913654953241348,
    "p95": 0.1260799616575241
  },
  "psf_std": {
    "mean": 0.12529893219470978,
    "p95": 0.1253010779619217
  },
  "rec_nll": -1.086840033531189
}