{
  "rec_std": {
    "mean": 0.000907528679817915,
    "p95": 0.0009523145854473114
  },
  "emitter_std": {
    "mean": 0.1334903985261917,
    "p95": 0.1334954798221588
  },
  "lp_std": {
    "mean": 0.1460968255996704,
    "p95": 0.1461264193058014
  },
  "rec_nll": 88854.390625
}