{
  "rec_std": {
    "mean": 0.38334131240844727,
    "p95": 1.7829182147979736
  },
  "emitter_std": {
    "mean": 0.13256260752677917,
    "p95": 0.13269899785518646
  },
  "lp_std": {
    "mean": 0.13001416623592377,
    "p95": 0.13249048590660095
  },
  "psf_std": {
    "mean": 0.13262775540351868,
    "p95": 0.13262777030467987
  },
  "rec_nll": -1.0761895179748535
}