{
  "rec_std": {
    "mean": 0.38455909490585327,
    "p95": 1.9325913190841675
  },
  "emitter_std": {
    "mean": 0.13319577276706696,
    "p95": 0.13329096138477325
  },
  "lp_std": {
    "mean": 0.13160020112991333,
    "p95": 0.13351355493068695
  },
  "psf_std": {
    "mean": 0.1333209127187729,
    "p95": 0.13332098722457886
  },
  "rec_nll": -1.031340479850769
}