{
  "rec_std": {
    "mean": 0.0010755353141576052,
    "p95": 0.0011442397953942418
  },
  "emitter_std": {
    "mean": 0.13534000515937805,
    "p95": 0.13534265756607056
  },
  "lp_std": {
    "mean": 0.13667500019073486,
    "p95": 0.13670483231544495
  },
  "rec_nll": 58888.67578125
}