{
  "rec_std": {
    "mean": 0.28615429997444153,
    "p95": 0.4270700514316559
  },
  "emitter_std": {
    "mean": 0.12854473292827606,
    "p95": 0.12864549458026886
  },
  "lp_std": {
    "mean": 0.12270534038543701,
    "p95": 0.12831056118011475
  },
  "psf_std": {
    "mean": 0.12856122851371765,
    "p95": 0.12856414914131165
  },
  "rec_nll": -1.1167500019073486
}