{
  "rec_std": {
    "mean": 0.000955201277974993,
    "p95": 0.0009984715143218637
  },
  "emitter_std": {
    "mean": 0.13495954871177673,
    "p95": 0.13496388494968414
  },
  "lp_std": {
    "mean": 0.13958917558193207,
    "p95": 0.13960592448711395
  },
  "rec_nll": 77734.40625
}