{
  "rec_std": {
    "mean": 0.0008844064432196319,
    "p95": 0.0009310251916758716
  },
  "emitter_std": {
    "mean": 0.1316729187965393,
    "p95": 0.13167831301689148
  },
  "lp_std": {
    "mean": 0.1519583910703659,
    "p95": 0.15226028859615326
  },
  "rec_nll": 93210.5234375
}