{
  "rec_std": {
    "mean": 0.3544374108314514,
    "p95": 0.4911033809185028
  },
  "emitter_std": {
    "mean": 0.13522425293922424,
    "p95": 0.13523098826408386
  },
  "lp_std": {
    "mean": 0.13514544069766998,
    "p95": 0.1351524144411087
  },
  "psf_std": {
    "mean": 0.13524137437343597,
    "p95": 0.13524140417575836
  },
  "rec_nll": -0.7321597337722778
}