{
  "rec_std": {
    "mean": 0.0009125156793743372,
    "p95": 0.0009564289357513189
  },
  "emitter_std": {
    "mean": 0.13380828499794006,
    "p95": 0.13381318747997284
  },
  "lp_std": {
    "mean": 0.14491412043571472,
    "p95": 0.1449388563632965
  },
  "rec_nll": 87472.0390625
}