{
  "rec_std": {
    "mean": 0.2929707467556,
    "p95": 0.5963744521141052
  },
  "emitter_std": {
    "mean": 0.1324170082807541,
    "p95": 0.13245783746242523
  },
  "lp_std": {
    "mean": 0.13110323250293732,
    "p95": 0.1327248066663742
  },
  "psf_std": {
    "mean": 0.13247336447238922,
    "p95": 0.1324734389781952
  },
  "rec_nll": -0.9578083753585815
}