{
  "rec_std": {
    "mean": 0.0008825621916912496,
    "p95": 0.0009322456317022443
  },
  "emitter_std": {
    "mean": 0.1314067840576172,
    "p95": 0.13141219317913055
  },
  "lp_std": {
    "mean": 0.15273940563201904,
    "p95": 0.1535072922706604
  },
  "rec_nll": 92460.6875
}