{
  "rec_std": {
    "mean": 0.28303709626197815,
    "p95": 0.755607008934021
  },
  "emitter_std": {
    "mean": 0.12474410980939865,
    "p95": 0.1249576061964035
  },
  "lp_std": {
    "mean": 0.11731501668691635,
    "p95": 0.12499741464853287
  },
  "psf_std": {
    "mean": 0.124911367893219,
    "p95": 0.12491302192211151
  },
  "rec_nll": -1.1794171333312988
}