{
  "rec_std": {
    "mean": 0.0030717849731445312,
    "p95": 0.008530714549124241
  },
  "lp_std": {
    "mean": 0.1355980485677719,
    "p95": 0.13560760021209717
  },
  "rec_nll": 1723.412109375
}