{
  "rec_std": {
    "mean": 0.0009370477055199444,
    "p95": 0.0009846127359196544
  },
  "emitter_std": {
    "mean": 0.13467128574848175,
    "p95": 0.1346758008003235
  },
  "lp_std": {
    "mean": 0.14117179811000824,
    "p95": 0.141209676861763
  },
  "rec_nll": 82768.203125
}