{
  "rec_std": {
    "mean": 0.2913593351840973,
    "p95": 0.7015439867973328
  },
  "emitter_std": {
    "mean": 0.13232585787773132,
    "p95": 0.13236120343208313
  },
  "lp_std": {
    "mean": 0.13092729449272156,
    "p95": 0.13275671005249023
  },
  "psf_std": {
    "mean": 0.1323743462562561,
    "p95": 0.13237439095973969
  },
  "rec_nll": -0.968836784362793
}