{
  "rec_std": {
    "mean": 0.0009413500083610415,
    "p95": 0.0009838377591222525
  },
  "emitter_std": {
    "mean": 0.1347503513097763,
    "p95": 0.1347552239894867
  },
  "lp_std": {
    "mean": 0.14076578617095947,
    "p95": 0.14077724516391754
  },
  "rec_nll": 81075.5234375
}