{
  "rec_std": {
    "mean": 0.043841082602739334,
    "p95": 0.0611795149743557
  },
  "emitter_std": {
    "mean": 0.13676857948303223,
    "p95": 0.13694898784160614
  },
  "rec_nll": 15.349360466003418
}