{
  "rec_std": {
    "mean": 0.0009067927021533251,
    "p95": 0.0009531855466775596
  },
  "emitter_std": {
    "mean": 0.13345599174499512,
    "p95": 0.1334608495235443
  },
  "lp_std": {
    "mean": 0.14621931314468384,
    "p95": 0.14627641439437866
  },
  "rec_nll": 89382.28125
}