{
  "rec_std": {
    "mean": 0.0008917269296944141,
    "p95": 0.0009364860597997904
  },
  "emitter_std": {
    "mean": 0.13240373134613037,
    "p95": 0.13240927457809448
  },
  "lp_std": {
    "mean": 0.1497388482093811,
    "p95": 0.14978858828544617
  },
  "rec_nll": 91805.3984375
}