{
  "rec_std": {
    "mean": 0.2986033856868744,
    "p95": 0.5046995878219604
  },
  "emitter_std": {
    "mean": 0.13082219660282135,
    "p95": 0.13091464340686798
  },
  "lp_std": {
    "mean": 0.12621791660785675,
    "p95": 0.12991273403167725
  },
  "psf_std": {
    "mean": 0.13078325986862183,
    "p95": 0.13078302145004272
  },
  "rec_nll": -1.0784032344818115
}