{
  "rec_std": {
    "mean": 0.31807616353034973,
    "p95": 1.0909265279769897
  },
  "emitter_std": {
    "mean": 0.1333916187286377,
    "p95": 0.13343657553195953
  },
  "lp_std": {
    "mean": 0.13279098272323608,
    "p95": 0.13427262008190155
  },
  "psf_std": {
    "mean": 0.1334952563047409,
    "p95": 0.13349522650241852
  },
  "rec_nll": -0.9961825609207153
}