{
  "rec_std": {
    "mean": 0.0009073124383576214,
    "p95": 0.0009517399012111127
  },
  "emitter_std": {
    "mean": 0.13347895443439484,
    "p95": 0.1334841102361679
  },
  "lp_std": {
    "mean": 0.14613762497901917,
    "p95": 0.14617443084716797
  },
  "rec_nll": 88732.6484375
}