{
  "rec_std": {
    "mean": 0.03842424601316452,
    "p95": 0.11740334331989288
  },
  "lp_std": {
    "mean": 0.14115743339061737,
    "p95": 0.14133359491825104
  },
  "rec_nll": 6863.5205078125
}