{
  "rec_std": {
    "mean": 0.0009204962989315391,
    "p95": 0.0009649390121921897
  },
  "emitter_std": {
    "mean": 0.13413368165493011,
    "p95": 0.13413824141025543
  },
  "lp_std": {
    "mean": 0.1436108648777008,
    "p95": 0.14363552629947662
  },
  "rec_nll": 86557.875
}