{
  "rec_std": {
    "mean": 0.0009015280520543456,
    "p95": 0.0009458163985982537
  },
  "emitter_std": {
    "mean": 0.13314040005207062,
    "p95": 0.13314591348171234
  },
  "lp_std": {
    "mean": 0.14732226729393005,
    "p95": 0.14735256135463715
  },
  "rec_nll": 89455.8515625
}