{
  "rec_std": {
    "mean": 0.0009346831357106566,
    "p95": 0.0009784088470041752
  },
  "emitter_std": {
    "mean": 0.13462212681770325,
    "p95": 0.13462695479393005
  },
  "lp_std": {
    "mean": 0.14141546189785004,
    "p95": 0.14143459498882294
  },
  "rec_nll": 82955.15625
}