{
  "rec_std": {
    "mean": 0.29561474919319153,
    "p95": 1.0711219310760498
  },
  "emitter_std": {
    "mean": 0.12383515387773514,
    "p95": 0.12410631030797958
  },
  "lp_std": {
    "mean": 0.11799490451812744,
    "p95": 0.12543199956417084
  },
  "psf_std": {
    "mean": 0.12440622597932816,
    "p95": 0.12440831959247589
  },
  "rec_nll": -1.1604300737380981
}