{
  "rec_std": {
    "mean": 0.0242411270737648,
    "p95": 0.06049726903438568
  },
  "lp_std": {
    "mean": 0.13706272840499878,
    "p95": 0.1370955854654312
  },
  "rec_nll": 10.874407768249512
}