{
  "rec_std": {
    "mean": 0.03085467591881752,
    "p95": 0.09308595210313797
  },
  "lp_std": {
    "mean": 0.14365851879119873,
    "p95": 0.14399434626102448
  },
  "rec_nll": 687.2199096679688
}