{
  "rec_std": {
    "mean": 0.000882779189851135,
    "p95": 0.0009359951363876462
  },
  "emitter_std": {
    "mean": 0.13144895434379578,
    "p95": 0.13145439326763153
  },
  "lp_std": {
    "mean": 0.1526162475347519,
    "p95": 0.15341892838478088
  },
  "rec_nll": 93122.2578125
}