{
  "rec_std": {
    "mean": 0.0010828275699168444,
    "p95": 0.0012153820134699345
  },
  "emitter_std": {
    "mean": 0.13534358143806458,
    "p95": 0.1353462040424347
  },
  "lp_std": {
    "mean": 0.1366344541311264,
    "p95": 0.1366995871067047
  },
  "rec_nll": 58512.3125
}