{
  "rec_std": {
    "mean": 0.31973692774772644,
    "p95": 0.6076714992523193
  },
  "emitter_std": {
    "mean": 0.13431400060653687,
    "p95": 0.13433897495269775
  },
  "lp_std": {
    "mean": 0.13417530059814453,
    "p95": 0.13466206192970276
  },
  "psf_std": {
    "mean": 0.1344316452741623,
    "p95": 0.13443200290203094
  },
  "rec_nll": -0.9566614031791687
}