{
  "rec_std": {
    "mean": 0.0008876530337147415,
    "p95": 0.0009684674441814423
  },
  "emitter_std": {
    "mean": 0.13058124482631683,
    "p95": 0.13058626651763916
  },
  "lp_std": {
    "mean": 0.15506400167942047,
    "p95": 0.15851837396621704
  },
  "rec_nll": 92325.5078125
}