{
  "rec_std": {
    "mean": 0.0009485771297477186,
    "p95": 0.0009921002201735973
  },
  "emitter_std": {
    "mean": 0.1348835527896881,
    "p95": 0.13488800823688507
  },
  "lp_std": {
    "mean": 0.14003537595272064,
    "p95": 0.1400531828403473
  },
  "rec_nll": 79625.0703125
}