{
  "rec_std": {
    "mean": 0.0008869835874065757,
    "p95": 0.0009343138081021607
  },
  "emitter_std": {
    "mean": 0.13198921084403992,
    "p95": 0.13199447095394135
  },
  "lp_std": {
    "mean": 0.15101216733455658,
    "p95": 0.15110360085964203
  },
  "rec_nll": 93055.0703125
}