{
  "rec_std": {
    "mean": 0.3193691372871399,
    "p95": 1.083441972732544
  },
  "emitter_std": {
    "mean": 0.13213618099689484,
    "p95": 0.13220210373401642
  },
  "lp_std": {
    "mean": 0.12888012826442719,
    "p95": 0.13193830847740173
  },
  "psf_std": {
    "mean": 0.13210070133209229,
    "p95": 0.13210059702396393
  },
  "rec_nll": -1.023503065109253
}