{
  "rec_std": {
    "mean": 0.33764031529426575,
    "p95": 0.4362015426158905
  },
  "emitter_std": {
    "mean": 0.13510361313819885,
    "p95": 0.13511450588703156
  },
  "lp_std": {
    "mean": 0.1350397765636444,
    "p95": 0.1350492238998413
  },
  "psf_std": {
    "mean": 0.13514426350593567,
    "p95": 0.13514433801174164
  },
  "rec_nll": -0.7882388830184937
}