{
  "rec_std": {
    "mean": 0.0008811990264803171,
    "p95": 0.0009306232095696032
  },
  "emitter_std": {
    "mean": 0.13120786845684052,
    "p95": 0.13121303915977478
  },
  "lp_std": {
    "mean": 0.15331177413463593,
    "p95": 0.1541755646467209
  },
  "rec_nll": 93694.6953125
}