{
  "rec_std": {
    "mean": 0.028660226613283157,
    "p95": 0.0763750672340393
  },
  "lp_std": {
    "mean": 0.13952912390232086,
    "p95": 0.13967694342136383
  },
  "rec_nll": 203.4951934814453
}