{
  "rec_std": {
    "mean": 0.02843126654624939,
    "p95": 0.10757334530353546
  },
  "lp_std": {
    "mean": 0.13631954789161682,
    "p95": 0.13633958995342255
  },
  "rec_nll": 55.97539520263672
}