{
  "rec_std": {
    "mean": 0.000893104006536305,
    "p95": 0.0009384199511259794
  },
  "emitter_std": {
    "mean": 0.1324947476387024,
    "p95": 0.13250002264976501
  },
  "lp_std": {
    "mean": 0.1494516283273697,
    "p95": 0.149509459733963
  },
  "rec_nll": 91823.296875
}