{
  "rec_std": {
    "mean": 0.3000015914440155,
    "p95": 1.1906459331512451
  },
  "emitter_std": {
    "mean": 0.12552301585674286,
    "p95": 0.12579044699668884
  },
  "lp_std": {
    "mean": 0.12021210789680481,
    "p95": 0.12646237015724182
  },
  "psf_std": {
    "mean": 0.1260949671268463,
    "p95": 0.1260959804058075
  },
  "rec_nll": -1.1195969581604004
}