{
  "rec_std": {
    "mean": 0.0009573765564709902,
    "p95": 0.001000313670374453
  },
  "emitter_std": {
    "mean": 0.13498589396476746,
    "p95": 0.13498976826667786
  },
  "lp_std": {
    "mean": 0.13942702114582062,
    "p95": 0.13944348692893982
  },
  "rec_nll": 77579.84375
}