{
  "rec_std": {
    "mean": 0.0008795299218036234,
    "p95": 0.0009300527162849903
  },
  "emitter_std": {
    "mean": 0.1308899074792862,
    "p95": 0.13089510798454285
  },
  "lp_std": {
    "mean": 0.15420766174793243,
    "p95": 0.1555839627981186
  },
  "rec_nll": 93391.40625
}