{
  "rec_std": {
    "mean": 0.031379103660583496,
    "p95": 0.09367423504590988
  },
  "lp_std": {
    "mean": 0.14439061284065247,
    "p95": 0.14472989737987518
  },
  "rec_nll": 415.01666259765625
}