{
  "rec_std": {
    "mean": 0.0008819975191727281,
    "p95": 0.0009400713024660945
  },
  "emitter_std": {
    "mean": 0.1306259036064148,
    "p95": 0.13063116371631622
  },
  "lp_std": {
    "mean": 0.1549386978149414,
    "p95": 0.15745224058628082
  },
  "rec_nll": 93081.015625
}