{
  "rec_std": {
    "mean": 0.0009568777168169618,
    "p95": 0.0009986523073166609
  },
  "emitter_std": {
    "mean": 0.13497935235500336,
    "p95": 0.13498346507549286
  },
  "lp_std": {
    "mean": 0.1394675374031067,
    "p95": 0.13947738707065582
  },
  "rec_nll": 77498.53125
}