{
  "rec_std": {
    "mean": 0.04944700747728348,
    "p95": 0.1308777928352356
  },
  "lp_std": {
    "mean": 0.14085881412029266,
    "p95": 0.14109249413013458
  },
  "rec_nll": 861.5073852539062
}