{
  "rec_std": {
    "mean": 0.0009997974848374724,
    "p95": 0.0010415951255708933
  },
  "emitter_std": {
    "mean": 0.13523812592029572,
    "p95": 0.13524150848388672
  },
  "lp_std": {
    "mean": 0.1376449316740036,
    "p95": 0.13765926659107208
  },
  "rec_nll": 69348.6328125
}