{
  "rec_std": {
    "mean": 0.0008852913160808384,
    "p95": 0.000932486669626087
  },
  "emitter_std": {
    "mean": 0.1317698061466217,
    "p95": 0.1317749172449112
  },
  "lp_std": {
    "mean": 0.1516704112291336,
    "p95": 0.15182609856128693
  },
  "rec_nll": 93201.8984375
}