{
  "rec_std": {
    "mean": 0.000910591334104538,
    "p95": 0.0009549008682370186
  },
  "emitter_std": {
    "mean": 0.1337117999792099,
    "p95": 0.13371685147285461
  },
  "lp_std": {
    "mean": 0.14528095722198486,
    "p95": 0.14530667662620544
  },
  "rec_nll": 88045.375
}