{
  "rec_std": {
    "mean": 0.0008825245313346386,
    "p95": 0.0009328541927970946
  },
  "emitter_std": {
    "mean": 0.13151952624320984,
    "p95": 0.13152477145195007
  },
  "lp_std": {
    "mean": 0.1524103283882141,
    "p95": 0.1527339220046997
  },
  "rec_nll": 93782.4375
}