{
  "rec_std": {
    "mean": 0.4613088071346283,
    "p95": 2.7508199214935303
  },
  "emitter_std": {
    "mean": 0.13355641067028046,
    "p95": 0.13365957140922546
  },
  "lp_std": {
    "mean": 0.13294504582881927,
    "p95": 0.13399600982666016
  },
  "psf_std": {
    "mean": 0.1337735652923584,
    "p95": 0.13377411663532257
  },
  "rec_nll": -1.0028204917907715
}