{
  "rec_std": {
    "mean": 0.043325819075107574,
    "p95": 0.06317683309316635
  },
  "emitter_std": {
    "mean": 0.13710206747055054,
    "p95": 0.13736587762832642
  },
  "rec_nll": 9.99171257019043
}