{
  "rec_std": {
    "mean": 0.0009228413109667599,
    "p95": 0.0009662792435847223
  },
  "emitter_std": {
    "mean": 0.1342683881521225,
    "p95": 0.1342734843492508
  },
  "lp_std": {
    "mean": 0.1430412083864212,
    "p95": 0.1430584341287613
  },
  "rec_nll": 84807.28125
}