{
  "rec_std": {
    "mean": 0.00094597227871418,
    "p95": 0.0009941640309989452
  },
  "emitter_std": {
    "mean": 0.1348404586315155,
    "p95": 0.13484518229961395
  },
  "lp_std": {
    "mean": 0.14027875661849976,
    "p95": 0.14031431078910828
  },
  "rec_nll": 79959.5546875
}