{
  "rec_std": {
    "mean": 0.3612082600593567,
    "p95": 1.9417139291763306
  },
  "emitter_std": {
    "mean": 0.1326991468667984,
    "p95": 0.13280685245990753
  },
  "lp_std": {
    "mean": 0.1302626132965088,
    "p95": 0.13263513147830963
  },
  "psf_std": {
    "mean": 0.1327488273382187,
    "p95": 0.1327487677335739
  },
  "rec_nll": -0.9835198521614075
}