{
  "rec_std": {
    "mean": 0.04444628953933716,
    "p95": 0.12554505467414856
  },
  "lp_std": {
    "mean": 0.14144209027290344,
    "p95": 0.14165078103542328
  },
  "rec_nll": 1388.6217041015625
}