{
  "rec_std": {
    "mean": 0.0008875824278220534,
    "p95": 0.0009329426102340221
  },
  "emitter_std": {
    "mean": 0.13205726444721222,
    "p95": 0.1320624202489853
  },
  "lp_std": {
    "mean": 0.15080663561820984,
    "p95": 0.15086564421653748
  },
  "rec_nll": 93180.9453125
}