{
  "rec_std": {
    "mean": 0.031922634690999985,
    "p95": 0.09304282814264297
  },
  "lp_std": {
    "mean": 0.14327120780944824,
    "p95": 0.14345663785934448
  },
  "rec_nll": 528.8348388671875
}