{
  "rec_std": {
    "mean": 0.000879183819051832,
    "p95": 0.0009279724908992648
  },
  "emitter_std": {
    "mean": 0.13099180161952972,
    "p95": 0.1309974640607834
  },
  "lp_std": {
    "mean": 0.1539221853017807,
    "p95": 0.15496057271957397
  },
  "rec_nll": 93810.53125
}