{
  "rec_std": {
    "mean": 0.2876642048358917,
    "p95": 1.109208583831787
  },
  "emitter_std": {
    "mean": 0.124399334192276,
    "p95": 0.12467587739229202
  },
  "lp_std": {
    "mean": 0.1170397698879242,
    "p95": 0.12471618503332138
  },
  "psf_std": {
    "mean": 0.12462935596704483,
    "p95": 0.12463094294071198
  },
  "rec_nll": -1.0977636575698853
}