{
  "rec_std": {
    "mean": 0.0008790332940407097,
    "p95": 0.0009330058819614351
  },
  "emitter_std": {
    "mean": 0.13077281415462494,
    "p95": 0.1307777315378189
  },
  "lp_std": {
    "mean": 0.15453237295150757,
    "p95": 0.15618884563446045
  },
  "rec_nll": 94500.6484375
}