{
  "rec_std": {
    "mean": 0.29488062858581543,
    "p95": 1.3564168214797974
  },
  "emitter_std": {
    "mean": 0.13201375305652618,
    "p95": 0.1320600062608719
  },
  "lp_std": {
    "mean": 0.13044071197509766,
    "p95": 0.13297325372695923
  },
  "psf_std": {
    "mean": 0.13206610083580017,
    "p95": 0.1320660412311554
  },
  "rec_nll": -0.6735565662384033
}