{
  "rec_std": {
    "mean": 0.001381956972181797,
    "p95": 0.001441519008949399
  },
  "emitter_std": {
    "mean": 0.1353912651538849,
    "p95": 0.1353929340839386
  },
  "lp_std": {
    "mean": 0.13598421216011047,
    "p95": 0.13599319756031036
  },
  "rec_nll": 37192.76953125
}