{
  "rec_std": {
    "mean": 0.0009243858512490988,
    "p95": 0.0009683016105554998
  },
  "emitter_std": {
    "mean": 0.13431474566459656,
    "p95": 0.13431954383850098
  },
  "lp_std": {
    "mean": 0.14283794164657593,
    "p95": 0.14285939931869507
  },
  "rec_nll": 85094.375
}