{
  "rec_std": {
    "mean": 0.013425786979496479,
    "p95": 0.04313051700592041
  },
  "lp_std": {
    "mean": 0.13742783665657043,
    "p95": 0.13748203217983246
  },
  "rec_nll": 107.05533599853516
}