{
  "rec_std": {
    "mean": 0.03503137454390526,
    "p95": 0.10356439650058746
  },
  "lp_std": {
    "mean": 0.14172327518463135,
    "p95": 0.1420098841190338
  },
  "rec_nll": 1569.69384765625
}