{
  "rec_std": {
    "mean": 0.0010213175555691123,
    "p95": 0.0010633451165631413
  },
  "emitter_std": {
    "mean": 0.13528455793857574,
    "p95": 0.1352875530719757
  },
  "lp_std": {
    "mean": 0.13724066317081451,
    "p95": 0.13725505769252777
  },
  "rec_nll": 65501.4453125
}