{
  "rec_std": {
    "mean": 0.28698495030403137,
    "p95": 0.9113883972167969
  },
  "emitter_std": {
    "mean": 0.131393164396286,
    "p95": 0.1314239650964737
  },
  "lp_std": {
    "mean": 0.1291949301958084,
    "p95": 0.13253386318683624
  },
  "psf_std": {
    "mean": 0.13141906261444092,
    "p95": 0.13141891360282898
  },
  "rec_nll": -0.8704332709312439
}