{
  "rec_std": {
    "mean": 0.0009152509737759829,
    "p95": 0.0009594465373083949
  },
  "emitter_std": {
    "mean": 0.13392341136932373,
    "p95": 0.13392895460128784
  },
  "lp_std": {
    "mean": 0.14446592330932617,
    "p95": 0.14448751509189606
  },
  "rec_nll": 86455.203125
}