{
  "rec_std": {
    "mean": 0.28961846232414246,
    "p95": 0.813559353351593
  },
  "emitter_std": {
    "mean": 0.12628526985645294,
    "p95": 0.1264599859714508
  },
  "lp_std": {
    "mean": 0.11951553076505661,
    "p95": 0.12633968889713287
  },
  "psf_std": {
    "mean": 0.12640362977981567,
    "p95": 0.12640587985515594
  },
  "rec_nll": -1.1401809453964233
}