{
  "rec_std": {
    "mean": 0.0009080414893105626,
    "p95": 0.0009545917273499072
  },
  "emitter_std": {
    "mean": 0.13352429866790771,
    "p95": 0.1335294395685196
  },
  "lp_std": {
    "mean": 0.14597439765930176,
    "p95": 0.1460290551185608
  },
  "rec_nll": 88558.7109375
}