{
  "rec_std": {
    "mean": 0.052725888788700104,
    "p95": 0.16888979077339172
  },
  "lp_std": {
    "mean": 0.14036142826080322,
    "p95": 0.140631765127182
  },
  "rec_nll": 2782.255615234375
}