{
  "rec_std": {
    "mean": 0.0008871000609360635,
    "p95": 0.0009339775424450636
  },
  "emitter_std": {
    "mean": 0.1320028454065323,
    "p95": 0.1320079118013382
  },
  "lp_std": {
    "mean": 0.15097105503082275,
    "p95": 0.15107078850269318
  },
  "rec_nll": 93386.8203125
}