{
  "rec_std": {
    "mean": 0.0008835628977976739,
    "p95": 0.0009442727896384895
  },
  "emitter_std": {
    "mean": 0.13043247163295746,
    "p95": 0.13043805956840515
  },
  "lp_std": {
    "mean": 0.15545812249183655,
    "p95": 0.15851041674613953
  },
  "rec_nll": 92592.84375
}