{
  "rec_std": {
    "mean": 0.2869609594345093,
    "p95": 1.2853448390960693
  },
  "emitter_std": {
    "mean": 0.12463440001010895,
    "p95": 0.12486585974693298
  },
  "lp_std": {
    "mean": 0.11741886287927628,
    "p95": 0.12489965558052063
  },
  "psf_std": {
    "mean": 0.12482024729251862,
    "p95": 0.12482177466154099
  },
  "rec_nll": -0.8306147456169128
}