{
  "rec_std": {
    "mean": 0.0009514479897916317,
    "p95": 0.0009935726411640644
  },
  "emitter_std": {
    "mean": 0.13491863012313843,
    "p95": 0.13492287695407867
  },
  "lp_std": {
    "mean": 0.1398325115442276,
    "p95": 0.13984236121177673
  },
  "rec_nll": 79174.390625
}