{
  "rec_std": {
    "mean": 0.000921764294616878,
    "p95": 0.0009661515359766781
  },
  "emitter_std": {
    "mean": 0.134240061044693,
    "p95": 0.1342448741197586
  },
  "lp_std": {
    "mean": 0.1431632786989212,
    "p95": 0.14318688213825226
  },
  "rec_nll": 85841.15625
}