{
  "rec_std": {
    "mean": 0.3145979344844818,
    "p95": 0.9599403738975525
  },
  "emitter_std": {
    "mean": 0.1335713267326355,
    "p95": 0.1336100697517395
  },
  "lp_std": {
    "mean": 0.13317781686782837,
    "p95": 0.13422071933746338
  },
  "psf_std": {
    "mean": 0.13367995619773865,
    "p95": 0.13367997109889984
  },
  "rec_nll": -1.0163064002990723
}