{
  "rec_std": {
    "mean": 0.0009051783126778901,
    "p95": 0.0009494299883954227
  },
  "emitter_std": {
    "mean": 0.13337579369544983,
    "p95": 0.1333811730146408
  },
  "lp_std": {
    "mean": 0.14650511741638184,
    "p95": 0.14653262495994568
  },
  "rec_nll": 88680.7890625
}