{
  "rec_std": {
    "mean": 0.30763816833496094,
    "p95": 0.3602791428565979
  },
  "emitter_std": {
    "mean": 0.13439206779003143,
    "p95": 0.1344107985496521
  },
  "lp_std": {
    "mean": 0.13407038152217865,
    "p95": 0.1341005563735962
  },
  "psf_std": {
    "mean": 0.13450117409229279,
    "p95": 0.13450151681900024
  },
  "rec_nll": -0.9882277250289917
}