{
  "rec_std": {
    "mean": 0.03958459198474884,
    "p95": 0.10234897583723068
  },
  "lp_std": {
    "mean": 0.14181558787822723,
    "p95": 0.14204910397529602
  },
  "rec_nll": 416.1841735839844
}