{
  "rec_std": {
    "mean": 0.0008953410433605313,
    "p95": 0.0009402501164004207
  },
  "emitter_std": {
    "mean": 0.13267186284065247,
    "p95": 0.13267694413661957
  },
  "lp_std": {
    "mean": 0.14887763559818268,
    "p95": 0.1489158719778061
  },
  "rec_nll": 91279.703125
}