{
  "rec_std": {
    "mean": 0.000955705065280199,
    "p95": 0.0009993674466386437
  },
  "emitter_std": {
    "mean": 0.13496626913547516,
    "p95": 0.13497065007686615
  },
  "lp_std": {
    "mean": 0.13954861462116241,
    "p95": 0.13956588506698608
  },
  "rec_nll": 77359.8046875
}