{
  "rec_std": {
    "mean": 0.001024101278744638,
    "p95": 0.0010641093831509352
  },
  "emitter_std": {
    "mean": 0.13528889417648315,
    "p95": 0.1352919489145279
  },
  "lp_std": {
    "mean": 0.13720031082630157,
    "p95": 0.13720622658729553
  },
  "rec_nll": 65169.8984375
}