{
  "rec_std": {
    "mean": 0.000988402054645121,
    "p95": 0.0010301482398062944
  },
  "emitter_std": {
    "mean": 0.13519777357578278,
    "p95": 0.13520114123821259
  },
  "lp_std": {
    "mean": 0.1379685252904892,
    "p95": 0.13798214495182037
  },
  "rec_nll": 71306.09375
}