{
  "rec_std": {
    "mean": 0.0009732928592711687,
    "p95": 0.001019104616716504
  },
  "emitter_std": {
    "mean": 0.135121151804924,
    "p95": 0.1351248323917389
  },
  "lp_std": {
    "mean": 0.13853538036346436,
    "p95": 0.13856256008148193
  },
  "rec_nll": 73685.546875
}