{
  "rec_std": {
    "mean": 0.2930731475353241,
    "p95": 0.4849635064601898
  },
  "emitter_std": {
    "mean": 0.13031838834285736,
    "p95": 0.13040202856063843
  },
  "lp_std": {
    "mean": 0.1254085749387741,
    "p95": 0.12958349287509918
  },
  "psf_std": {
    "mean": 0.130268856883049,
    "p95": 0.1302689015865326
  },
  "rec_nll": -1.0432014465332031
}