{
  "rec_std": {
    "mean": 0.020164459943771362,
    "p95": 0.05174342170357704
  },
  "lp_std": {
    "mean": 0.13686707615852356,
    "p95": 0.13689902424812317
  },
  "rec_nll": 14.35311508178711
}