{
  "rec_std": {
    "mean": 0.0009009658824652433,
    "p95": 0.000947090215049684
  },
  "emitter_std": {
    "mean": 0.1331048458814621,
    "p95": 0.13311044871807098
  },
  "lp_std": {
    "mean": 0.1474449634552002,
    "p95": 0.1475045531988144
  },
  "rec_nll": 89580.59375
}