{
  "rec_std": {
    "mean": 0.027144910767674446,
    "p95": 0.06916767358779907
  },
  "lp_std": {
    "mean": 0.13718503713607788,
    "p95": 0.13722918927669525
  },
  "rec_nll": 9.7612943649292
}