{
  "rec_std": {
    "mean": 0.5176565051078796,
    "p95": 2.428179979324341
  },
  "emitter_std": {
    "mean": 0.13331188261508942,
    "p95": 0.13343794643878937
  },
  "lp_std": {
    "mean": 0.13211797177791595,
    "p95": 0.13368050754070282
  },
  "psf_std": {
    "mean": 0.13350096344947815,
    "p95": 0.13350120186805725
  },
  "rec_nll": -0.986519992351532
}