{
  "rec_std": {
    "mean": 0.0009238865459337831,
    "p95": 0.0009705346892587841
  },
  "emitter_std": {
    "mean": 0.13429629802703857,
    "p95": 0.13430140912532806
  },
  "lp_std": {
    "mean": 0.14291922748088837,
    "p95": 0.14295843243598938
  },
  "rec_nll": 85015.75
}