{
  "rec_std": {
    "mean": 0.0011707383673638105,
    "p95": 0.0012334088096395135
  },
  "emitter_std": {
    "mean": 0.1353694647550583,
    "p95": 0.13537074625492096
  },
  "lp_std": {
    "mean": 0.13630759716033936,
    "p95": 0.13632743060588837
  },
  "rec_nll": 53144.31640625
}