{
  "rec_std": {
    "mean": 0.28398630023002625,
    "p95": 0.8448469638824463
  },
  "emitter_std": {
    "mean": 0.12364829331636429,
    "p95": 0.12387217581272125
  },
  "lp_std": {
    "mean": 0.11757349222898483,
    "p95": 0.12523122131824493
  },
  "psf_std": {
    "mean": 0.1241735965013504,
    "p95": 0.124175064265728
  },
  "rec_nll": -1.1873794794082642
}