{
  "rec_std": {
    "mean": 0.038747482001781464,
    "p95": 0.05442086234688759
  },
  "emitter_std": {
    "mean": 0.13661397993564606,
    "p95": 0.13687771558761597
  },
  "rec_nll": 8.39920425415039
}