{
  "rec_std": {
    "mean": 0.0009240751969628036,
    "p95": 0.0009679737850092351
  },
  "emitter_std": {
    "mean": 0.1343054473400116,
    "p95": 0.13431018590927124
  },
  "lp_std": {
    "mean": 0.14287854731082916,
    "p95": 0.14290092885494232
  },
  "rec_nll": 85213.6640625
}