{
  "rec_std": {
    "mean": 0.000908123271074146,
    "p95": 0.0009526586509309709
  },
  "emitter_std": {
    "mean": 0.1335575431585312,
    "p95": 0.13356252014636993
  },
  "lp_std": {
    "mean": 0.14585204422473907,
    "p95": 0.14587847888469696
  },
  "rec_nll": 88734.84375
}