{
  "rec_std": {
    "mean": 0.0008984565502032638,
    "p95": 0.0009433537488803267
  },
  "emitter_std": {
    "mean": 0.13290999829769135,
    "p95": 0.13291513919830322
  },
  "lp_std": {
    "mean": 0.14809954166412354,
    "p95": 0.14813455939292908
  },
  "rec_nll": 90751.4921875
}