{
  "rec_std": {
    "mean": 0.0008958591497503221,
    "p95": 0.0009409980848431587
  },
  "emitter_std": {
    "mean": 0.13272245228290558,
    "p95": 0.1327274739742279
  },
  "lp_std": {
    "mean": 0.14871378242969513,
    "p95": 0.14875291287899017
  },
  "rec_nll": 91510.5625
}