{
  "rec_std": {
    "mean": 0.0008947650203481317,
    "p95": 0.0009389558108523488
  },
  "emitter_std": {
    "mean": 0.13262173533439636,
    "p95": 0.13262689113616943
  },
  "lp_std": {
    "mean": 0.14904160797595978,
    "p95": 0.14908438920974731
  },
  "rec_nll": 91125.15625
}