{
  "rec_std": {
    "mean": 0.3082886338233948,
    "p95": 0.6137966513633728
  },
  "emitter_std": {
    "mean": 0.13445794582366943,
    "p95": 0.13447435200214386
  },
  "lp_std": {
    "mean": 0.13430508971214294,
    "p95": 0.13472606241703033
  },
  "psf_std": {
    "mean": 0.13455991446971893,
    "p95": 0.1345602422952652
  },
  "rec_nll": -0.9250784516334534
}