{
  "rec_std": {
    "mean": 0.0010138051584362984,
    "p95": 0.0010559761431068182
  },
  "emitter_std": {
    "mean": 0.13527105748653412,
    "p95": 0.1352742612361908
  },
  "lp_std": {
    "mean": 0.13736191391944885,
    "p95": 0.13737697899341583
  },
  "rec_nll": 66390.9296875
}