{
  "rec_std": {
    "mean": 0.0009081393945962191,
    "p95": 0.0009526265203021467
  },
  "emitter_std": {
    "mean": 0.13354645669460297,
    "p95": 0.1335514336824417
  },
  "lp_std": {
    "mean": 0.14589282870292664,
    "p95": 0.14591974020004272
  },
  "rec_nll": 88663.671875
}