{
  "rec_std": {
    "mean": 0.000912992050871253,
    "p95": 0.0009573791758157313
  },
  "emitter_std": {
    "mean": 0.13382959365844727,
    "p95": 0.13383443653583527
  },
  "lp_std": {
    "mean": 0.1448325663805008,
    "p95": 0.144854336977005
  },
  "rec_nll": 87664.3359375
}