{
  "rec_std": {
    "mean": 0.04090344160795212,
    "p95": 0.05648600310087204
  },
  "emitter_std": {
    "mean": 0.1365732103586197,
    "p95": 0.1367916315793991
  },
  "rec_nll": 8.87161636352539
}