{
  "rec_std": {
    "mean": 0.0009953230619430542,
    "p95": 0.001039697672240436
  },
  "emitter_std": {
    "mean": 0.1352236419916153,
    "p95": 0.1352272927761078
  },
  "lp_std": {
    "mean": 0.13776621222496033,
    "p95": 0.13778667151927948
  },
  "rec_nll": 68922.2421875
}