{
  "rec_std": {
    "mean": 0.043859053403139114,
    "p95": 0.13141469657421112
  },
  "lp_std": {
    "mean": 0.1413472443819046,
    "p95": 0.14159029722213745
  },
  "rec_nll": 673.8785400390625
}