{
  "rec_std": {
    "mean": 0.001154950587078929,
    "p95": 0.0012321434915065765
  },
  "emitter_std": {
    "mean": 0.13536641001701355,
    "p95": 0.13536757230758667
  },
  "lp_std": {
    "mean": 0.13634803891181946,
    "p95": 0.1363760381937027
  },
  "rec_nll": 54627.52734375
}