{
  "rec_std": {
    "mean": 0.2987491488456726,
    "p95": 0.5549074411392212
  },
  "emitter_std": {
    "mean": 0.13420791923999786,
    "p95": 0.13422328233718872
  },
  "lp_std": {
    "mean": 0.13406617939472198,
    "p95": 0.13457220792770386
  },
  "psf_std": {
    "mean": 0.13431811332702637,
    "p95": 0.13431844115257263
  },
  "rec_nll": -0.817829430103302
}