{
  "rec_std": {
    "mean": 0.3029460608959198,
    "p95": 1.3572986125946045
  },
  "emitter_std": {
    "mean": 0.1274004429578781,
    "p95": 0.1275702565908432
  },
  "lp_std": {
    "mean": 0.12131607532501221,
    "p95": 0.1274530589580536
  },
  "psf_std": {
    "mean": 0.1274939924478531,
    "p95": 0.12749698758125305
  },
  "rec_nll": -0.9612313508987427
}