{
  "rec_std": {
    "mean": 0.000881808577105403,
    "p95": 0.0009283079416491091
  },
  "emitter_std": {
    "mean": 0.13132192194461823,
    "p95": 0.13132762908935547
  },
  "lp_std": {
    "mean": 0.15298475325107574,
    "p95": 0.15358594059944153
  },
  "rec_nll": 92979.0859375
}