{
  "rec_std": {
    "mean": 0.02586263231933117,
    "p95": 0.06658482551574707
  },
  "lp_std": {
    "mean": 0.13710595667362213,
    "p95": 0.13714562356472015
  },
  "rec_nll": 9.729302406311035
}