{
  "rec_std": {
    "mean": 0.0009117838926613331,
    "p95": 0.0009558424353599548
  },
  "emitter_std": {
    "mean": 0.13377626240253448,
    "p95": 0.13378113508224487
  },
  "lp_std": {
    "mean": 0.14503635466098785,
    "p95": 0.14506104588508606
  },
  "rec_nll": 87838.3828125
}