{
  "rec_std": {
    "mean": 0.0008804575772956014,
    "p95": 0.0009374826331622899
  },
  "emitter_std": {
    "mean": 0.13087525963783264,
    "p95": 0.13088032603263855
  },
  "lp_std": {
    "mean": 0.15424904227256775,
    "p95": 0.15587761998176575
  },
  "rec_nll": 93157.1796875
}