{
  "rec_std": {
    "mean": 0.02502061426639557,
    "p95": 0.09454481303691864
  },
  "lp_std": {
    "mean": 0.13621217012405396,
    "p95": 0.1362271010875702
  },
  "rec_nll": 82.58122253417969
}