{
  "rec_std": {
    "mean": 0.0008985871681943536,
    "p95": 0.0009442514274269342
  },
  "emitter_std": {
    "mean": 0.1329224705696106,
    "p95": 0.13292759656906128
  },
  "lp_std": {
    "mean": 0.14805859327316284,
    "p95": 0.14811351895332336
  },
  "rec_nll": 90742.8984375
}