{
  "rec_std": {
    "mean": 0.0009664303506724536,
    "p95": 0.0010090407449752092
  },
  "emitter_std": {
    "mean": 0.13506768643856049,
    "p95": 0.1350717544555664
  },
  "lp_std": {
    "mean": 0.1389000564813614,
    "p95": 0.13891595602035522
  },
  "rec_nll": 74587.421875
}