{
  "rec_std": {
    "mean": 0.0009521704632788897,
    "p95": 0.0009953220142051578
  },
  "emitter_std": {
    "mean": 0.13492564857006073,
    "p95": 0.13493004441261292
  },
  "lp_std": {
    "mean": 0.13979198038578033,
    "p95": 0.13980872929096222
  },
  "rec_nll": 78662.171875
}