{
  "rec_std": {
    "mean": 0.04374503344297409,
    "p95": 0.10695789754390717
  },
  "lp_std": {
    "mean": 0.13788940012454987,
    "p95": 0.1379471868276596
  },
  "rec_nll": 111.61751556396484
}