{
  "rec_std": {
    "mean": 0.0011886876309290528,
    "p95": 0.0012536970898509026
  },
  "emitter_std": {
    "mean": 0.1353725641965866,
    "p95": 0.13537389039993286
  },
  "lp_std": {
    "mean": 0.13626715540885925,
    "p95": 0.13628670573234558
  },
  "rec_nll": 51190.2265625
}