{
  "rec_std": {
    "mean": 0.001009187544696033,
    "p95": 0.001051566214300692
  },
  "emitter_std": {
    "mean": 0.1352618932723999,
    "p95": 0.13526520133018494
  },
  "lp_std": {
    "mean": 0.13744275271892548,
    "p95": 0.137457937002182
  },
  "rec_nll": 67036.3671875
}