{
  "rec_std": {
    "mean": 0.0008847611607052386,
    "p95": 0.0009324058191850781
  },
  "emitter_std": {
    "mean": 0.13170064985752106,
    "p95": 0.13170605897903442
  },
  "lp_std": {
    "mean": 0.15187612175941467,
    "p95": 0.1522359997034073
  },
  "rec_nll": 92598.359375
}