{
  "rec_std": {
    "mean": 0.0009527793736197054,
    "p95": 0.0009976119035854936
  },
  "emitter_std": {
    "mean": 0.13493244349956512,
    "p95": 0.13493667542934418
  },
  "lp_std": {
    "mean": 0.13975149393081665,
    "p95": 0.1397765427827835
  },
  "rec_nll": 78714.1328125
}