{
  "rec_std": {
    "mean": 0.0010113655589520931,
    "p95": 0.0010528190759941936
  },
  "emitter_std": {
    "mean": 0.1352664828300476,
    "p95": 0.13526971638202667
  },
  "lp_std": {
    "mean": 0.13740229606628418,
    "p95": 0.13741637766361237
  },
  "rec_nll": 66796.2109375
}