{
  "rec_std": {
    "mean": 0.3375232517719269,
    "p95": 0.4777764081954956
  },
  "emitter_std": {
    "mean": 0.13504087924957275,
    "p95": 0.13505595922470093
  },
  "lp_std": {
    "mean": 0.13488420844078064,
    "p95": 0.13490444421768188
  },
  "psf_std": {
    "mean": 0.13509052991867065,
    "p95": 0.135090634226799
  },
  "rec_nll": -0.8769165277481079
}