{
  "rec_std": {
    "mean": 0.0009170239791274071,
    "p95": 0.0009615604067221284
  },
  "emitter_std": {
    "mean": 0.13399472832679749,
    "p95": 0.13399949669837952
  },
  "lp_std": {
    "mean": 0.1441807746887207,
    "p95": 0.14421410858631134
  },
  "rec_nll": 86849.0390625
}