{
  "rec_std": {
    "mean": 0.03515313193202019,
    "p95": 0.10211564600467682
  },
  "lp_std": {
    "mean": 0.14317503571510315,
    "p95": 0.14343611896038055
  },
  "rec_nll": 620.8766479492188
}