{
  "rec_std": {
    "mean": 0.00125894823577255,
    "p95": 0.0013345658080652356
  },
  "emitter_std": {
    "mean": 0.13538117706775665,
    "p95": 0.13538266718387604
  },
  "lp_std": {
    "mean": 0.13614578545093536,
    "p95": 0.13616813719272614
  },
  "rec_nll": 45470.1015625
}