{
  "rec_std": {
    "mean": 0.00100711511913687,
    "p95": 0.0010481391800567508
  },
  "emitter_std": {
    "mean": 0.13525733351707458,
    "p95": 0.1352606564760208
  },
  "lp_std": {
    "mean": 0.13748317956924438,
    "p95": 0.1374961882829666
  },
  "rec_nll": 66937.0703125
}