{
  "rec_std": {
    "mean": 0.349997341632843,
    "p95": 1.7277799844741821
  },
  "emitter_std": {
    "mean": 0.13287170231342316,
    "p95": 0.13297121226787567
  },
  "lp_std": {
    "mean": 0.13067077100276947,
    "p95": 0.1323472261428833
  },
  "psf_std": {
    "mean": 0.13294219970703125,
    "p95": 0.13294214010238647
  },
  "rec_nll": -1.034920573234558
}