{
  "rec_std": {
    "mean": 0.000971440807916224,
    "p95": 0.0010136137716472149
  },
  "emitter_std": {
    "mean": 0.13510935008525848,
    "p95": 0.13511298596858978
  },
  "lp_std": {
    "mean": 0.1386164277791977,
    "p95": 0.1386311799287796
  },
  "rec_nll": 74592.125
}