{
  "rec_std": {
    "mean": 0.0009362326236441731,
    "p95": 0.000979413976892829
  },
  "emitter_std": {
    "mean": 0.13465502858161926,
    "p95": 0.1346597820520401
  },
  "lp_std": {
    "mean": 0.1412530392408371,
    "p95": 0.14127109944820404
  },
  "rec_nll": 82757.015625
}