{
  "rec_std": {
    "mean": 0.2866308391094208,
    "p95": 0.4212673306465149
  },
  "emitter_std": {
    "mean": 0.12948080897331238,
    "p95": 0.12957647442817688
  },
  "lp_std": {
    "mean": 0.12416752427816391,
    "p95": 0.12863850593566895
  },
  "psf_std": {
    "mean": 0.12946337461471558,
    "p95": 0.12946532666683197
  },
  "rec_nll": -1.0193824768066406
}