{
  "rec_std": {
    "mean": 0.0008816160261631012,
    "p95": 0.0009322629193775356
  },
  "emitter_std": {
    "mean": 0.13123661279678345,
    "p95": 0.1312422752380371
  },
  "lp_std": {
    "mean": 0.15323008596897125,
    "p95": 0.15409278869628906
  },
  "rec_nll": 92814.6875
}