{
  "rec_std": {
    "mean": 0.3091375529766083,
    "p95": 0.3881487548351288
  },
  "emitter_std": {
    "mean": 0.13403545320034027,
    "p95": 0.13406290113925934
  },
  "lp_std": {
    "mean": 0.13359923660755157,
    "p95": 0.13371895253658295
  },
  "psf_std": {
    "mean": 0.13416963815689087,
    "p95": 0.13417010009288788
  },
  "rec_nll": -1.0033340454101562
}