{
  "rec_std": {
    "mean": 0.28390201926231384,
    "p95": 0.34998172521591187
  },
  "emitter_std": {
    "mean": 0.1296854466199875,
    "p95": 0.12974897027015686
  },
  "lp_std": {
    "mean": 0.12446757405996323,
    "p95": 0.12927347421646118
  },
  "psf_std": {
    "mean": 0.12963292002677917,
    "p95": 0.12963466346263885
  },
  "rec_nll": -1.0554286241531372
}