{
  "rec_std": {
    "mean": 0.0009453838574700058,
    "p95": 0.000988629413768649
  },
  "emitter_std": {
    "mean": 0.13483299314975739,
    "p95": 0.1348373293876648
  },
  "lp_std": {
    "mean": 0.1403193473815918,
    "p95": 0.14033660292625427
  },
  "rec_nll": 80773.359375
}