{
  "rec_std": {
    "mean": 0.03218534216284752,
    "p95": 0.07776223123073578
  },
  "lp_std": {
    "mean": 0.13898922502994537,
    "p95": 0.13909763097763062
  },
  "rec_nll": 95.25064849853516
}