{
  "rec_std": {
    "mean": 0.2954997420310974,
    "p95": 0.9944185018539429
  },
  "emitter_std": {
    "mean": 0.1282021552324295,
    "p95": 0.12831658124923706
  },
  "lp_std": {
    "mean": 0.12234542518854141,
    "p95": 0.12813463807106018
  },
  "psf_std": {
    "mean": 0.12823110818862915,
    "p95": 0.12823434174060822
  },
  "rec_nll": -1.0273724794387817
}