{
  "rec_std": {
    "mean": 0.0008940419065766037,
    "p95": 0.0009383633732795715
  },
  "emitter_std": {
    "mean": 0.13257139921188354,
    "p95": 0.1325766146183014
  },
  "lp_std": {
    "mean": 0.14920561015605927,
    "p95": 0.14924536645412445
  },
  "rec_nll": 91623.2109375
}