{
  "rec_std": {
    "mean": 0.000943757826462388,
    "p95": 0.000987204839475453
  },
  "emitter_std": {
    "mean": 0.1347959190607071,
    "p95": 0.13480089604854584
  },
  "lp_std": {
    "mean": 0.14052236080169678,
    "p95": 0.14053964614868164
  },
  "rec_nll": 80424.59375
}