{
  "rec_std": {
    "mean": 0.019794084131717682,
    "p95": 0.05680547654628754
  },
  "lp_std": {
    "mean": 0.13662013411521912,
    "p95": 0.1366470903158188
  },
  "rec_nll": 28.50371551513672
}