{
  "rec_std": {
    "mean": 0.03309692069888115,
    "p95": 0.11236654222011566
  },
  "lp_std": {
    "mean": 0.14259810745716095,
    "p95": 0.14297842979431152
  },
  "rec_nll": 6368.07373046875
}