{
  "rec_std": {
    "mean": 0.000902736559510231,
    "p95": 0.0009470050572417676
  },
  "emitter_std": {
    "mean": 0.13322336971759796,
    "p95": 0.13322849571704865
  },
  "lp_std": {
    "mean": 0.1470361351966858,
    "p95": 0.14706650376319885
  },
  "rec_nll": 89785.890625
}