{
  "rec_std": {
    "mean": 0.010729996487498283,
    "p95": 0.02774682082235813
  },
  "lp_std": {
    "mean": 0.13961517810821533,
    "p95": 0.13984480500221252
  },
  "rec_nll": 586.7697143554688
}