{
  "rec_std": {
    "mean": 0.0010052263969555497,
    "p95": 0.0010469247354194522
  },
  "emitter_std": {
    "mean": 0.13525272905826569,
    "p95": 0.13525617122650146
  },
  "lp_std": {
    "mean": 0.13752363622188568,
    "p95": 0.1375385969877243
  },
  "rec_nll": 67098.125
}