{
  "rec_std": {
    "mean": 0.041602689772844315,
    "p95": 0.05779785290360451
  },
  "emitter_std": {
    "mean": 0.13666698336601257,
    "p95": 0.13693128526210785
  },
  "rec_nll": 7.565646648406982
}