{
  "rec_std": {
    "mean": 0.001140699489042163,
    "p95": 0.0011919335229322314
  },
  "emitter_std": {
    "mean": 0.13536326587200165,
    "p95": 0.13536448776721954
  },
  "lp_std": {
    "mean": 0.13638851046562195,
    "p95": 0.13640618324279785
  },
  "rec_nll": 55830.57421875
}