{
  "rec_std": {
    "mean": 0.0008814922184683383,
    "p95": 0.0009466352057643235
  },
  "emitter_std": {
    "mean": 0.13035748898983002,
    "p95": 0.13036267459392548
  },
  "lp_std": {
    "mean": 0.15565374493598938,
    "p95": 0.15858566761016846
  },
  "rec_nll": 93966.796875
}