{
  "rec_std": {
    "mean": 0.0010497856419533491,
    "p95": 0.0010990279261022806
  },
  "emitter_std": {
    "mean": 0.13532131910324097,
    "p95": 0.13532410562038422
  },
  "lp_std": {
    "mean": 0.13687720894813538,
    "p95": 0.13690325617790222
  },
  "rec_nll": 62740.1640625
}