{
  "rec_std": {
    "mean": 0.0009040115983225405,
    "p95": 0.0009484704933129251
  },
  "emitter_std": {
    "mean": 0.13331785798072815,
    "p95": 0.13332311809062958
  },
  "lp_std": {
    "mean": 0.14670933783054352,
    "p95": 0.1467384248971939
  },
  "rec_nll": 89446.1015625
}