{
  "rec_std": {
    "mean": 0.2858666181564331,
    "p95": 0.3635594844818115
  },
  "emitter_std": {
    "mean": 0.1325255185365677,
    "p95": 0.13255766034126282
  },
  "lp_std": {
    "mean": 0.1312679797410965,
    "p95": 0.13217739760875702
  },
  "psf_std": {
    "mean": 0.13257373869419098,
    "p95": 0.13257381319999695
  },
  "rec_nll": -0.9223325848579407
}