{
  "rec_std": {
    "mean": 0.30127447843551636,
    "p95": 0.7164428234100342
  },
  "emitter_std": {
    "mean": 0.13119098544120789,
    "p95": 0.13126341998577118
  },
  "lp_std": {
    "mean": 0.12689907848834991,
    "p95": 0.13032227754592896
  },
  "psf_std": {
    "mean": 0.1311369240283966,
    "p95": 0.13113652169704437
  },
  "rec_nll": -1.0744824409484863
}