{
  "rec_std": {
    "mean": 0.40189605951309204,
    "p95": 1.7518970966339111
  },
  "emitter_std": {
    "mean": 0.13339631259441376,
    "p95": 0.1334807425737381
  },
  "lp_std": {
    "mean": 0.1322348713874817,
    "p95": 0.13348542153835297
  },
  "psf_std": {
    "mean": 0.13355478644371033,
    "p95": 0.133555069565773
  },
  "rec_nll": -1.0249987840652466
}