{
  "rec_std": {
    "mean": 0.04607744514942169,
    "p95": 0.064506895840168
  },
  "emitter_std": {
    "mean": 0.13681386411190033,
    "p95": 0.13696947693824768
  },
  "rec_nll": 11.065178871154785
}