{
  "rec_std": {
    "mean": 0.0009046170162037015,
    "p95": 0.0009491138625890017
  },
  "emitter_std": {
    "mean": 0.13335269689559937,
    "p95": 0.13335774838924408
  },
  "lp_std": {
    "mean": 0.14658676087856293,
    "p95": 0.146615669131279
  },
  "rec_nll": 89565.09375
}