{
  "rec_std": {
    "mean": 0.04609353095293045,
    "p95": 0.0629231408238411
  },
  "emitter_std": {
    "mean": 0.13687750697135925,
    "p95": 0.13707822561264038
  },
  "rec_nll": 8.726323127746582
}