{
  "rec_std": {
    "mean": 0.0008874383638612926,
    "p95": 0.0009361643460579216
  },
  "emitter_std": {
    "mean": 0.1320166438817978,
    "p95": 0.1320222169160843
  },
  "lp_std": {
    "mean": 0.15092995762825012,
    "p95": 0.15109726786613464
  },
  "rec_nll": 92284.734375
}