{
  "rec_std": {
    "mean": 0.000885008426848799,
    "p95": 0.0009556830627843738
  },
  "emitter_std": {
    "mean": 0.130387544631958,
    "p95": 0.13039259612560272
  },
  "lp_std": {
    "mean": 0.15557801723480225,
    "p95": 0.1589294970035553
  },
  "rec_nll": 93262.0625
}