{
  "rec_std": {
    "mean": 0.0009145691874437034,
    "p95": 0.0009588691755197942
  },
  "emitter_std": {
    "mean": 0.13390278816223145,
    "p95": 0.13390758633613586
  },
  "lp_std": {
    "mean": 0.14454735815525055,
    "p95": 0.1445721536874771
  },
  "rec_nll": 87454.8515625
}