{
  "rec_std": {
    "mean": 0.000885399931576103,
    "p95": 0.0009332947083748877
  },
  "emitter_std": {
    "mean": 0.1317422091960907,
    "p95": 0.13174742460250854
  },
  "lp_std": {
    "mean": 0.15175290405750275,
    "p95": 0.1520620882511139
  },
  "rec_nll": 92848.921875
}