{
  "rec_std": {
    "mean": 0.0469958521425724,
    "p95": 0.0646740198135376
  },
  "emitter_std": {
    "mean": 0.13698290288448334,
    "p95": 0.13722747564315796
  },
  "rec_nll": 8.416266441345215
}