{
  "rec_std": {
    "mean": 0.03837738186120987,
    "p95": 0.10349225997924805
  },
  "lp_std": {
    "mean": 0.1419101506471634,
    "p95": 0.14217497408390045
  },
  "rec_nll": 383.9471435546875
}