{
  "rec_std": {
    "mean": 0.0008885757997632027,
    "p95": 0.0009355089860036969
  },
  "emitter_std": {
    "mean": 0.13212507963180542,
    "p95": 0.13213035464286804
  },
  "lp_std": {
    "mean": 0.1506011188030243,
    "p95": 0.1506858915090561
  },
  "rec_nll": 92845.8984375
}