{
  "rec_std": {
    "mean": 0.4930877983570099,
    "p95": 2.9177186489105225
  },
  "emitter_std": {
    "mean": 0.1334397941827774,
    "p95": 0.13356541097164154
  },
  "lp_std": {
    "mean": 0.1326274424791336,
    "p95": 0.13396848738193512
  },
  "psf_std": {
    "mean": 0.13366170227527618,
    "p95": 0.1336621195077896
  },
  "rec_nll": -1.027616024017334
}