{
  "rec_std": {
    "mean": 0.04098968207836151,
    "p95": 0.11882545053958893
  },
  "lp_std": {
    "mean": 0.14074821770191193,
    "p95": 0.1409958451986313
  },
  "rec_nll": 782.602783203125
}