{
  "rec_std": {
    "mean": 0.000926731270737946,
    "p95": 0.000970527296885848
  },
  "emitter_std": {
    "mean": 0.13437870144844055,
    "p95": 0.13438349962234497
  },
  "lp_std": {
    "mean": 0.14255324006080627,
    "p95": 0.14257490634918213
  },
  "rec_nll": 84846.7734375
}