{
  "rec_std": {
    "mean": 0.0008808182319626212,
    "p95": 0.0009351906483061612
  },
  "emitter_std": {
    "mean": 0.1310497224330902,
    "p95": 0.13105526566505432
  },
  "lp_std": {
    "mean": 0.15376059710979462,
    "p95": 0.15504026412963867
  },
  "rec_nll": 93320.140625
}