{
  "rec_std": {
    "mean": 0.041011229157447815,
    "p95": 0.11652504652738571
  },
  "lp_std": {
    "mean": 0.14162805676460266,
    "p95": 0.14190985262393951
  },
  "rec_nll": 2686.284423828125
}