{
  "rec_std": {
    "mean": 0.03846687451004982,
    "p95": 0.10422824323177338
  },
  "lp_std": {
    "mean": 0.14153584837913513,
    "p95": 0.1417236626148224
  },
  "rec_nll": 458.6298828125
}