{
  "rec_std": {
    "mean": 0.0009290137677453458,
    "p95": 0.0009719252120703459
  },
  "emitter_std": {
    "mean": 0.13443255424499512,
    "p95": 0.13443750143051147
  },
  "lp_std": {
    "mean": 0.14230932295322418,
    "p95": 0.14232395589351654
  },
  "rec_nll": 84147.4921875
}