{
  "rec_std": {
    "mean": 0.001001432305201888,
    "p95": 0.0010430600959807634
  },
  "emitter_std": {
    "mean": 0.13524296879768372,
    "p95": 0.13524627685546875
  },
  "lp_std": {
    "mean": 0.1376044750213623,
    "p95": 0.13761761784553528
  },
  "rec_nll": 68937.5
}