{
  "rec_std": {
    "mean": 0.01626632735133171,
    "p95": 0.0980169028043747
  },
  "lp_std": {
    "mean": 0.14005056023597717,
    "p95": 0.14057259261608124
  },
  "rec_nll": 53058.234375
}