{
  "rec_std": {
    "mean": 0.2831362783908844,
    "p95": 0.8358214497566223
  },
  "emitter_std": {
    "mean": 0.12493336945772171,
    "p95": 0.12511016428470612
  },
  "lp_std": {
    "mean": 0.11923665553331375,
    "p95": 0.1261536180973053
  },
  "psf_std": {
    "mean": 0.12541532516479492,
    "p95": 0.12541736662387848
  },
  "rec_nll": -1.133994698524475
}