{
  "rec_std": {
    "mean": 0.28723570704460144,
    "p95": 0.6962001919746399
  },
  "emitter_std": {
    "mean": 0.12618917226791382,
    "p95": 0.12636354565620422
  },
  "lp_std": {
    "mean": 0.11940157413482666,
    "p95": 0.12632966041564941
  },
  "psf_std": {
    "mean": 0.12630920112133026,
    "p95": 0.12631167471408844
  },
  "rec_nll": -1.1163121461868286
}