{
  "rec_std": {
    "mean": 0.0008805779507383704,
    "p95": 0.0009299714001826942
  },
  "emitter_std": {
    "mean": 0.13102076947689056,
    "p95": 0.13102605938911438
  },
  "lp_std": {
    "mean": 0.15384191274642944,
    "p95": 0.15510348975658417
  },
  "rec_nll": 93631.7421875
}