{
  "rec_std": {
    "mean": 0.0008965657325461507,
    "p95": 0.0009412029176019132
  },
  "emitter_std": {
    "mean": 0.13276025652885437,
    "p95": 0.13276541233062744
  },
  "lp_std": {
    "mean": 0.14859086275100708,
    "p95": 0.1486274003982544
  },
  "rec_nll": 91167.25
}