{
  "rec_std": {
    "mean": 0.0325964093208313,
    "p95": 0.09620706737041473
  },
  "lp_std": {
    "mean": 0.14502078294754028,
    "p95": 0.1453516185283661
  },
  "rec_nll": 232.87928771972656
}