{
  "rec_std": {
    "mean": 0.03179135546088219,
    "p95": 0.09467244893312454
  },
  "lp_std": {
    "mean": 0.14491702616214752,
    "p95": 0.14524327218532562
  },
  "rec_nll": 564.2825927734375
}