{
  "rec_std": {
    "mean": 0.0173364095389843,
    "p95": 0.04439838230609894
  },
  "lp_std": {
    "mean": 0.1367284208536148,
    "p95": 0.13675878942012787
  },
  "rec_nll": 23.885189056396484
}