{
  "rec_std": {
    "mean": 0.301591157913208,
    "p95": 0.3692610561847687
  },
  "emitter_std": {
    "mean": 0.12801748514175415,
    "p95": 0.12813645601272583
  },
  "lp_std": {
    "mean": 0.12184465676546097,
    "p95": 0.12477914243936539
  },
  "psf_std": {
    "mean": 0.12805023789405823,
    "p95": 0.1280527561903
  },
  "rec_nll": -1.0386030673980713
}