{
  "rec_std": {
    "mean": 0.0009314329945482314,
    "p95": 0.0009752993937581778
  },
  "emitter_std": {
    "mean": 0.13452927768230438,
    "p95": 0.13453412055969238
  },
  "lp_std": {
    "mean": 0.14186225831508636,
    "p95": 0.1418815702199936
  },
  "rec_nll": 83439.0390625
}