{
  "rec_std": {
    "mean": 0.0009098582086153328,
    "p95": 0.0009544042986817658
  },
  "emitter_std": {
    "mean": 0.13366809487342834,
    "p95": 0.13367308676242828
  },
  "lp_std": {
    "mean": 0.1454440951347351,
    "p95": 0.1454702913761139
  },
  "rec_nll": 88129.375
}