{
  "rec_std": {
    "mean": 0.0009123097988776863,
    "p95": 0.0009565717191435397
  },
  "emitter_std": {
    "mean": 0.13379760086536407,
    "p95": 0.13380272686481476
  },
  "lp_std": {
    "mean": 0.1449548751115799,
    "p95": 0.14498001337051392
  },
  "rec_nll": 87581.1875
}