{
  "rec_std": {
    "mean": 0.000892146781552583,
    "p95": 0.0009372494532726705
  },
  "emitter_std": {
    "mean": 0.13242965936660767,
    "p95": 0.1324349045753479
  },
  "lp_std": {
    "mean": 0.14965681731700897,
    "p95": 0.1496991217136383
  },
  "rec_nll": 91704.171875
}