{
  "rec_std": {
    "mean": 0.000925329455640167,
    "p95": 0.0009696804918348789
  },
  "emitter_std": {
    "mean": 0.1343422681093216,
    "p95": 0.13434705138206482
  },
  "lp_std": {
    "mean": 0.1427159160375595,
    "p95": 0.1427372246980667
  },
  "rec_nll": 85194.734375
}