{
  "rec_std": {
    "mean": 0.0009313586633652449,
    "p95": 0.0009748793672770262
  },
  "emitter_std": {
    "mean": 0.13452064990997314,
    "p95": 0.13452552258968353
  },
  "lp_std": {
    "mean": 0.14190292358398438,
    "p95": 0.14192195236682892
  },
  "rec_nll": 83737.8671875
}