{
  "rec_std": {
    "mean": 0.0009179015760309994,
    "p95": 0.0009620111086405814
  },
  "emitter_std": {
    "mean": 0.13402481377124786,
    "p95": 0.1340295374393463
  },
  "lp_std": {
    "mean": 0.14405864477157593,
    "p95": 0.14408284425735474
  },
  "rec_nll": 86780.0390625
}