{
  "rec_std": {
    "mean": 0.3061026930809021,
    "p95": 1.206092357635498
  },
  "emitter_std": {
    "mean": 0.12579470872879028,
    "p95": 0.12603242695331573
  },
  "lp_std": {
    "mean": 0.12062972038984299,
    "p95": 0.12692518532276154
  },
  "psf_std": {
    "mean": 0.12633582949638367,
    "p95": 0.12633682787418365
  },
  "rec_nll": -1.1532337665557861
}