{
  "rec_std": {
    "mean": 0.0016649893950670958,
    "p95": 0.0017439076909795403
  },
  "emitter_std": {
    "mean": 0.1354016661643982,
    "p95": 0.13540378212928772
  },
  "lp_std": {
    "mean": 0.13566173613071442,
    "p95": 0.1356680691242218
  },
  "rec_nll": 24451.46484375
}