{
  "rec_std": {
    "mean": 0.0009274413459934294,
    "p95": 0.0009714275365695357
  },
  "emitter_std": {
    "mean": 0.1343967318534851,
    "p95": 0.13440150022506714
  },
  "lp_std": {
    "mean": 0.14247196912765503,
    "p95": 0.14249368011951447
  },
  "rec_nll": 84783.1015625
}