{
  "rec_std": {
    "mean": 0.0009021859732456505,
    "p95": 0.0009481206652708352
  },
  "emitter_std": {
    "mean": 0.13318757712841034,
    "p95": 0.13319258391857147
  },
  "lp_std": {
    "mean": 0.14715881645679474,
    "p95": 0.14721350371837616
  },
  "rec_nll": 90114.9453125
}