{
  "rec_std": {
    "mean": 0.0009604961378499866,
    "p95": 0.001003243844024837
  },
  "emitter_std": {
    "mean": 0.1350179761648178,
    "p95": 0.13502179086208344
  },
  "lp_std": {
    "mean": 0.13922426104545593,
    "p95": 0.13924004137516022
  },
  "rec_nll": 76899.1796875
}