{
  "rec_std": {
    "mean": 0.0009221017244271934,
    "p95": 0.0009693950414657593
  },
  "emitter_std": {
    "mean": 0.1342495232820511,
    "p95": 0.13425412774085999
  },
  "lp_std": {
    "mean": 0.143122598528862,
    "p95": 0.1431674063205719
  },
  "rec_nll": 85683.109375
}