{
  "rec_std": {
    "mean": 0.0009683729149401188,
    "p95": 0.0010109847644343972
  },
  "emitter_std": {
    "mean": 0.13508547842502594,
    "p95": 0.1350889652967453
  },
  "lp_std": {
    "mean": 0.1387784779071808,
    "p95": 0.1387939602136612
  },
  "rec_nll": 75477.8984375
}