{
  "rec_std": {
    "mean": 0.00970146618783474,
    "p95": 0.03839756175875664
  },
  "lp_std": {
    "mean": 0.13608111441135406,
    "p95": 0.13609227538108826
  },
  "rec_nll": 151.19581604003906
}