{
  "rec_std": {
    "mean": 0.0009676027693785727,
    "p95": 0.0010103133972734213
  },
  "emitter_std": {
    "mean": 0.1350795030593872,
    "p95": 0.13508300483226776
  },
  "lp_std": {
    "mean": 0.13881899416446686,
    "p95": 0.13883574306964874
  },
  "rec_nll": 75611.2109375
}