{
  "rec_std": {
    "mean": 0.041001491248607635,
    "p95": 0.05651338770985603
  },
  "emitter_std": {
    "mean": 0.13676181435585022,
    "p95": 0.13698381185531616
  },
  "rec_nll": 13.797608375549316
}