{
  "rec_std": {
    "mean": 0.30546098947525024,
    "p95": 0.6150349974632263
  },
  "emitter_std": {
    "mean": 0.13197772204875946,
    "p95": 0.13203799724578857
  },
  "lp_std": {
    "mean": 0.12848307192325592,
    "p95": 0.13118839263916016
  },
  "psf_std": {
    "mean": 0.1319330632686615,
    "p95": 0.13193297386169434
  },
  "rec_nll": -1.0298247337341309
}