{
  "rec_std": {
    "mean": 0.0008876239880919456,
    "p95": 0.0009330654866062105
  },
  "emitter_std": {
    "mean": 0.13204379379749298,
    "p95": 0.1320490837097168
  },
  "lp_std": {
    "mean": 0.15084773302078247,
    "p95": 0.15091508626937866
  },
  "rec_nll": 92593.4453125
}