{
  "rec_std": {
    "mean": 0.0008857988868840039,
    "p95": 0.0009311517351306975
  },
  "emitter_std": {
    "mean": 0.1318664252758026,
    "p95": 0.13187186419963837
  },
  "lp_std": {
    "mean": 0.1513822376728058,
    "p95": 0.1514454185962677
  },
  "rec_nll": 92884.0546875
}