{
  "rec_std": {
    "mean": 0.0009473841637372971,
    "p95": 0.0009907637722790241
  },
  "emitter_std": {
    "mean": 0.13486923277378082,
    "p95": 0.134873628616333
  },
  "lp_std": {
    "mean": 0.14011651277542114,
    "p95": 0.1401343047618866
  },
  "rec_nll": 80264.9453125
}