{
  "rec_std": {
    "mean": 0.0009593655122444034,
    "p95": 0.0010028349934145808
  },
  "emitter_std": {
    "mean": 0.13500532507896423,
    "p95": 0.1350094974040985
  },
  "lp_std": {
    "mean": 0.13930536806583405,
    "p95": 0.13932232558727264
  },
  "rec_nll": 76497.234375
}