{
  "rec_std": {
    "mean": 0.000902717059943825,
    "p95": 0.0009469473734498024
  },
  "emitter_std": {
    "mean": 0.13321150839328766,
    "p95": 0.133216992020607
  },
  "lp_std": {
    "mean": 0.1470770537853241,
    "p95": 0.1471046656370163
  },
  "rec_nll": 89165.3984375
}