{
  "rec_std": {
    "mean": 0.0009061334421858191,
    "p95": 0.0009503418696112931
  },
  "emitter_std": {
    "mean": 0.13342167437076569,
    "p95": 0.13342687487602234
  },
  "lp_std": {
    "mean": 0.14634180068969727,
    "p95": 0.14636854827404022
  },
  "rec_nll": 88950.8359375
}