{
  "rec_std": {
    "mean": 0.5036907196044922,
    "p95": 3.248117685317993
  },
  "emitter_std": {
    "mean": 0.1334761530160904,
    "p95": 0.13360798358917236
  },
  "lp_std": {
    "mean": 0.13276898860931396,
    "p95": 0.13408534228801727
  },
  "psf_std": {
    "mean": 0.13371455669403076,
    "p95": 0.13371503353118896
  },
  "rec_nll": -0.9818500280380249
}