{
  "rec_std": {
    "mean": 0.3222367465496063,
    "p95": 1.1353809833526611
  },
  "emitter_std": {
    "mean": 0.13235677778720856,
    "p95": 0.13243286311626434
  },
  "lp_std": {
    "mean": 0.12941332161426544,
    "p95": 0.13183772563934326
  },
  "psf_std": {
    "mean": 0.13234442472457886,
    "p95": 0.13234442472457886
  },
  "rec_nll": -0.9885987639427185
}