{
  "rec_std": {
    "mean": 0.2931138575077057,
    "p95": 0.7363022565841675
  },
  "emitter_std": {
    "mean": 0.12408286333084106,
    "p95": 0.12433837354183197
  },
  "lp_std": {
    "mean": 0.11819121986627579,
    "p95": 0.12562604248523712
  },
  "psf_std": {
    "mean": 0.12463701516389847,
    "p95": 0.12463831156492233
  },
  "rec_nll": -1.1825571060180664
}