{
  "rec_std": {
    "mean": 0.2987501323223114,
    "p95": 1.2439138889312744
  },
  "emitter_std": {
    "mean": 0.1252012848854065,
    "p95": 0.12544237077236176
  },
  "lp_std": {
    "mean": 0.11979200690984726,
    "p95": 0.1264176070690155
  },
  "psf_std": {
    "mean": 0.12574534118175507,
    "p95": 0.12574654817581177
  },
  "rec_nll": -1.1388967037200928
}