{
  "rec_std": {
    "mean": 0.0183667354285717,
    "p95": 0.04868611693382263
  },
  "lp_std": {
    "mean": 0.13667750358581543,
    "p95": 0.13670635223388672
  },
  "rec_nll": 23.271747589111328
}