{
  "rec_std": {
    "mean": 0.2846105694770813,
    "p95": 0.7116566896438599
  },
  "emitter_std": {
    "mean": 0.12700892984867096,
    "p95": 0.1271325945854187
  },
  "lp_std": {
    "mean": 0.12056183815002441,
    "p95": 0.1270751804113388
  },
  "psf_std": {
    "mean": 0.1270618885755539,
    "p95": 0.12706410884857178
  },
  "rec_nll": -1.1228339672088623
}