{
  "rec_std": {
    "mean": 0.0008857166976667941,
    "p95": 0.0009324407437816262
  },
  "emitter_std": {
    "mean": 0.13182507455348969,
    "p95": 0.13183030486106873
  },
  "lp_std": {
    "mean": 0.1515057533979416,
    "p95": 0.15161624550819397
  },
  "rec_nll": 92978.0
}