{
  "rec_std": {
    "mean": 0.0009440843714401126,
    "p95": 0.0009879168355837464
  },
  "emitter_std": {
    "mean": 0.13480333983898163,
    "p95": 0.1348077952861786
  },
  "lp_std": {
    "mean": 0.14048172533512115,
    "p95": 0.14050015807151794
  },
  "rec_nll": 80940.8828125
}