{
  "rec_std": {
    "mean": 0.0010357523569837213,
    "p95": 0.0010766697814688087
  },
  "emitter_std": {
    "mean": 0.1353054791688919,
    "p95": 0.13530835509300232
  },
  "lp_std": {
    "mean": 0.13703873753547668,
    "p95": 0.13704542815685272
  },
  "rec_nll": 64482.91015625
}