{
  "rec_std": {
    "mean": 0.0008800082141533494,
    "p95": 0.000930720882024616
  },
  "emitter_std": {
    "mean": 0.1310930848121643,
    "p95": 0.1310984194278717
  },
  "lp_std": {
    "mean": 0.15363749861717224,
    "p95": 0.15464715659618378
  },
  "rec_nll": 93998.78125
}