{
  "rec_std": {
    "mean": 0.0009142289636656642,
    "p95": 0.00095814757514745
  },
  "emitter_std": {
    "mean": 0.13388217985630035,
    "p95": 0.13388724625110626
  },
  "lp_std": {
    "mean": 0.1446288526058197,
    "p95": 0.14464811980724335
  },
  "rec_nll": 87250.78125
}