{
  "rec_std": {
    "mean": 0.0009374924120493233,
    "p95": 0.0009838523110374808
  },
  "emitter_std": {
    "mean": 0.1346793919801712,
    "p95": 0.1346839964389801
  },
  "lp_std": {
    "mean": 0.1411311775445938,
    "p95": 0.14116233587265015
  },
  "rec_nll": 82501.4296875
}