{
  "rec_std": {
    "mean": 0.0008878670050762594,
    "p95": 0.0009337966912426054
  },
  "emitter_std": {
    "mean": 0.1320708990097046,
    "p95": 0.13207630813121796
  },
  "lp_std": {
    "mean": 0.1507655382156372,
    "p95": 0.15082326531410217
  },
  "rec_nll": 92597.3359375
}