{
  "rec_std": {
    "mean": 0.0014146827161312103,
    "p95": 0.001462961663492024
  },
  "emitter_std": {
    "mean": 0.13539347052574158,
    "p95": 0.1353951245546341
  },
  "lp_std": {
    "mean": 0.13594377040863037,
    "p95": 0.13594946265220642
  },
  "rec_nll": 35566.90234375
}