{
  "rec_std": {
    "mean": 0.0009587405365891755,
    "p95": 0.0010014758445322514
  },
  "emitter_std": {
    "mean": 0.13499896228313446,
    "p95": 0.1350032538175583
  },
  "lp_std": {
    "mean": 0.1393459290266037,
    "p95": 0.1393609493970871
  },
  "rec_nll": 76547.3984375
}