{
  "rec_std": {
    "mean": 0.002064893487840891,
    "p95": 0.00251843617297709
  },
  "emitter_std": {
    "mean": 0.1353759765625,
    "p95": 0.13538968563079834
  },
  "lp_std": {
    "mean": 0.1354200690984726,
    "p95": 0.13542519509792328
  },
  "rec_nll": 10826.6806640625
}