{
  "rec_std": {
    "mean": 0.0009358043898828328,
    "p95": 0.0009791019838303328
  },
  "emitter_std": {
    "mean": 0.13464683294296265,
    "p95": 0.13465146720409393
  },
  "lp_std": {
    "mean": 0.14129365980625153,
    "p95": 0.1413116455078125
  },
  "rec_nll": 82903.1171875
}