{
  "rec_std": {
    "mean": 0.0008846248965710402,
    "p95": 0.0009327006409876049
  },
  "emitter_std": {
    "mean": 0.13171447813510895,
    "p95": 0.13171978294849396
  },
  "lp_std": {
    "mean": 0.15183484554290771,
    "p95": 0.1520109325647354
  },
  "rec_nll": 93359.6640625
}