{
  "rec_std": {
    "mean": 0.0009318708907812834,
    "p95": 0.0009756161598488688
  },
  "emitter_std": {
    "mean": 0.1345549076795578,
    "p95": 0.13456010818481445
  },
  "lp_std": {
    "mean": 0.14174044132232666,
    "p95": 0.14175960421562195
  },
  "rec_nll": 83094.53125
}