{
  "rec_std": {
    "mean": 0.0009185507078655064,
    "p95": 0.0009631788707338274
  },
  "emitter_std": {
    "mean": 0.1340448558330536,
    "p95": 0.13404998183250427
  },
  "lp_std": {
    "mean": 0.14397722482681274,
    "p95": 0.1440010964870453
  },
  "rec_nll": 85950.515625
}