{
  "rec_std": {
    "mean": 0.0008893651538528502,
    "p95": 0.0009354061330668628
  },
  "emitter_std": {
    "mean": 0.1321922093629837,
    "p95": 0.13219763338565826
  },
  "lp_std": {
    "mean": 0.1503957062959671,
    "p95": 0.1504787653684616
  },
  "rec_nll": 92379.4375
}