{
  "rec_std": {
    "mean": 0.0008924523135647178,
    "p95": 0.0009372417698614299
  },
  "emitter_std": {
    "mean": 0.13245566189289093,
    "p95": 0.13246095180511475
  },
  "lp_std": {
    "mean": 0.1495746374130249,
    "p95": 0.1496216505765915
  },
  "rec_nll": 91831.1875
}