{
  "rec_std": {
    "mean": 0.022471390664577484,
    "p95": 0.07626400887966156
  },
  "lp_std": {
    "mean": 0.1440710425376892,
    "p95": 0.1443895846605301
  },
  "rec_nll": 9474.9326171875
}