{
  "rec_std": {
    "mean": 0.029838869348168373,
    "p95": 0.07071330398321152
  },
  "lp_std": {
    "mean": 0.13890129327774048,
    "p95": 0.138994961977005
  },
  "rec_nll": 110.42780303955078
}