{
  "rec_std": {
    "mean": 0.3071376085281372,
    "p95": 0.37616172432899475
  },
  "emitter_std": {
    "mean": 0.1339171677827835,
    "p95": 0.13394619524478912
  },
  "lp_std": {
    "mean": 0.13342121243476868,
    "p95": 0.13357321918010712
  },
  "psf_std": {
    "mean": 0.13405735790729523,
    "p95": 0.13405784964561462
  },
  "rec_nll": -0.99286288022995
}