{
  "rec_std": {
    "mean": 0.0008782602963037789,
    "p95": 0.0009293771581724286
  },
  "emitter_std": {
    "mean": 0.13081695139408112,
    "p95": 0.1308220773935318
  },
  "lp_std": {
    "mean": 0.15441001951694489,
    "p95": 0.15565867722034454
  },
  "rec_nll": 94100.703125
}