{
  "rec_std": {
    "mean": 0.0008899063104763627,
    "p95": 0.0009374025394208729
  },
  "emitter_std": {
    "mean": 0.1322585493326187,
    "p95": 0.13226357102394104
  },
  "lp_std": {
    "mean": 0.15019038319587708,
    "p95": 0.15028278529644012
  },
  "rec_nll": 92878.15625
}