{
  "rec_std": {
    "mean": 0.0009133589919656515,
    "p95": 0.0009602740756236017
  },
  "emitter_std": {
    "mean": 0.13384020328521729,
    "p95": 0.1338452249765396
  },
  "lp_std": {
    "mean": 0.14479179680347443,
    "p95": 0.1448473334312439
  },
  "rec_nll": 87283.9375
}