{
  "rec_std": {
    "mean": 0.0010983466636389494,
    "p95": 0.001171091222204268
  },
  "emitter_std": {
    "mean": 0.13535059988498688,
    "p95": 0.1353529691696167
  },
  "lp_std": {
    "mean": 0.13655298948287964,
    "p95": 0.13658352196216583
  },
  "rec_nll": 56841.4375
}