{
  "rec_std": {
    "mean": 0.0009270759182982147,
    "p95": 0.0009714923216961324
  },
  "emitter_std": {
    "mean": 0.1343877613544464,
    "p95": 0.1343926340341568
  },
  "lp_std": {
    "mean": 0.14251263439655304,
    "p95": 0.14253368973731995
  },
  "rec_nll": 84741.6640625
}