{
  "rec_std": {
    "mean": 0.000883468019310385,
    "p95": 0.0009313070913776755
  },
  "emitter_std": {
    "mean": 0.13161730766296387,
    "p95": 0.13162267208099365
  },
  "lp_std": {
    "mean": 0.1521226465702057,
    "p95": 0.15226173400878906
  },
  "rec_nll": 93477.71875
}