{
  "rec_std": {
    "mean": 0.0009314486524090171,
    "p95": 0.0009755020146258175
  },
  "emitter_std": {
    "mean": 0.13454638421535492,
    "p95": 0.13455170392990112
  },
  "lp_std": {
    "mean": 0.1417810171842575,
    "p95": 0.14180059731006622
  },
  "rec_nll": 83046.7265625
}