{
  "rec_std": {
    "mean": 0.2860056459903717,
    "p95": 0.4816617965698242
  },
  "emitter_std": {
    "mean": 0.1244465559720993,
    "p95": 0.12466835230588913
  },
  "lp_std": {
    "mean": 0.11855467408895493,
    "p95": 0.12573690712451935
  },
  "psf_std": {
    "mean": 0.12497188150882721,
    "p95": 0.12497378140687943
  },
  "rec_nll": -1.1506050825119019
}