{
  "rec_std": {
    "mean": 0.0008808138081803918,
    "p95": 0.0009312476613558829
  },
  "emitter_std": {
    "mean": 0.13103525340557098,
    "p95": 0.13104048371315002
  },
  "lp_std": {
    "mean": 0.15380136668682098,
    "p95": 0.1551261991262436
  },
  "rec_nll": 93409.6171875
}