{
  "rec_std": {
    "mean": 0.0009621231583878398,
    "p95": 0.001005856553092599
  },
  "emitter_std": {
    "mean": 0.13503073155879974,
    "p95": 0.13503485918045044
  },
  "lp_std": {
    "mean": 0.1391432136297226,
    "p95": 0.13916541635990143
  },
  "rec_nll": 75762.75
}