{
  "rec_std": {
    "mean": 0.0009120316244661808,
    "p95": 0.0009559149038977921
  },
  "emitter_std": {
    "mean": 0.13378694653511047,
    "p95": 0.1337919533252716
  },
  "lp_std": {
    "mean": 0.14499559998512268,
    "p95": 0.14501972496509552
  },
  "rec_nll": 87831.4609375
}