{
  "rec_std": {
    "mean": 0.0009211489232257009,
    "p95": 0.0009656930342316628
  },
  "emitter_std": {
    "mean": 0.13415347039699554,
    "p95": 0.1341589391231537
  },
  "lp_std": {
    "mean": 0.14352943003177643,
    "p95": 0.1435536891222
  },
  "rec_nll": 85280.6015625
}