{
  "rec_std": {
    "mean": 0.0008982495055533946,
    "p95": 0.0009434235980734229
  },
  "emitter_std": {
    "mean": 0.13288530707359314,
    "p95": 0.13289056718349457
  },
  "lp_std": {
    "mean": 0.14818140864372253,
    "p95": 0.14821431040763855
  },
  "rec_nll": 90045.3671875
}