{
  "rec_std": {
    "mean": 0.0009176362073048949,
    "p95": 0.000961888290476054
  },
  "emitter_std": {
    "mean": 0.13401485979557037,
    "p95": 0.13401976227760315
  },
  "lp_std": {
    "mean": 0.14409933984279633,
    "p95": 0.14412331581115723
  },
  "rec_nll": 86637.796875
}