{
  "rec_std": {
    "mean": 0.0009705817210488021,
    "p95": 0.0010132258757948875
  },
  "emitter_std": {
    "mean": 0.13510359823703766,
    "p95": 0.13510741293430328
  },
  "lp_std": {
    "mean": 0.13865701854228973,
    "p95": 0.1386733204126358
  },
  "rec_nll": 74239.3671875
}