{
  "rec_std": {
    "mean": 0.000904217769857496,
    "p95": 0.0009486291091889143
  },
  "emitter_std": {
    "mean": 0.13332948088645935,
    "p95": 0.13333456218242645
  },
  "lp_std": {
    "mean": 0.1466684639453888,
    "p95": 0.14669305086135864
  },
  "rec_nll": 89612.921875
}