{
  "rec_std": {
    "mean": 0.28393906354904175,
    "p95": 0.3349164128303528
  },
  "emitter_std": {
    "mean": 0.12987448275089264,
    "p95": 0.1299208551645279
  },
  "lp_std": {
    "mean": 0.12475268542766571,
    "p95": 0.12960577011108398
  },
  "psf_std": {
    "mean": 0.12979808449745178,
    "p95": 0.12980003654956818
  },
  "rec_nll": -1.0545940399169922
}