{
  "rec_std": {
    "mean": 0.0008989479392766953,
    "p95": 0.0009432982187718153
  },
  "emitter_std": {
    "mean": 0.13294707238674164,
    "p95": 0.132952481508255
  },
  "lp_std": {
    "mean": 0.14797674119472504,
    "p95": 0.14800803363323212
  },
  "rec_nll": 89960.75
}