{
  "rec_std": {
    "mean": 0.29297521710395813,
    "p95": 1.0179023742675781
  },
  "emitter_std": {
    "mean": 0.1263759881258011,
    "p95": 0.12655550241470337
  },
  "lp_std": {
    "mean": 0.11974331736564636,
    "p95": 0.12652060389518738
  },
  "psf_std": {
    "mean": 0.1264975368976593,
    "p95": 0.1264999657869339
  },
  "rec_nll": -1.1401758193969727
}