{
  "rec_std": {
    "mean": 0.0009063493926078081,
    "p95": 0.000950810092035681
  },
  "emitter_std": {
    "mean": 0.13343316316604614,
    "p95": 0.13343839347362518
  },
  "lp_std": {
    "mean": 0.1463010013103485,
    "p95": 0.14632752537727356
  },
  "rec_nll": 89114.7109375
}