{
  "rec_std": {
    "mean": 0.044029656797647476,
    "p95": 0.11075309664011002
  },
  "lp_std": {
    "mean": 0.13806380331516266,
    "p95": 0.13815078139305115
  },
  "rec_nll": 76.5872573852539
}