{
  "rec_std": {
    "mean": 0.000895279401447624,
    "p95": 0.0009399096015840769
  },
  "emitter_std": {
    "mean": 0.13265922665596008,
    "p95": 0.1326647400856018
  },
  "lp_std": {
    "mean": 0.14891861379146576,
    "p95": 0.14895933866500854
  },
  "rec_nll": 91065.6875
}