{
  "rec_std": {
    "mean": 0.004031138028949499,
    "p95": 0.0118189612403512
  },
  "lp_std": {
    "mean": 0.13581083714962006,
    "p95": 0.13582254946231842
  },
  "rec_nll": 557.6780395507812
}