{
  "rec_std": {
    "mean": 0.0008866644348017871,
    "p95": 0.0009526456124149263
  },
  "emitter_std": {
    "mean": 0.13047699630260468,
    "p95": 0.1304822862148285
  },
  "lp_std": {
    "mean": 0.15534232556819916,
    "p95": 0.15873374044895172
  },
  "rec_nll": 92303.4765625
}