{
  "rec_std": {
    "mean": 0.0008818216738291085,
    "p95": 0.0009301368845626712
  },
  "emitter_std": {
    "mean": 0.13142083585262299,
    "p95": 0.13142628967761993
  },
  "lp_std": {
    "mean": 0.15269790589809418,
    "p95": 0.15322522819042206
  },
  "rec_nll": 93524.296875
}