{
  "rec_std": {
    "mean": 0.02578292414546013,
    "p95": 0.07857626676559448
  },
  "lp_std": {
    "mean": 0.14449648559093475,
    "p95": 0.1447465866804123
  },
  "rec_nll": 3080.888916015625
}