{
  "rec_std": {
    "mean": 0.000983772799372673,
    "p95": 0.00102568871807307
  },
  "emitter_std": {
    "mean": 0.13517659902572632,
    "p95": 0.13517990708351135
  },
  "lp_std": {
    "mean": 0.13813047111034393,
    "p95": 0.13814596831798553
  },
  "rec_nll": 72601.1171875
}