{
  "rec_std": {
    "mean": 0.29680854082107544,
    "p95": 0.9667221307754517
  },
  "emitter_std": {
    "mean": 0.1281101256608963,
    "p95": 0.12822774052619934
  },
  "lp_std": {
    "mean": 0.12218336015939713,
    "p95": 0.12798811495304108
  },
  "psf_std": {
    "mean": 0.12814116477966309,
    "p95": 0.1281440705060959
  },
  "rec_nll": -1.0199315547943115
}