{
  "rec_std": {
    "mean": 0.001058862078934908,
    "p95": 0.0011008137371391058
  },
  "emitter_std": {
    "mean": 0.13532903790473938,
    "p95": 0.13533183932304382
  },
  "lp_std": {
    "mean": 0.13679641485214233,
    "p95": 0.1368032842874527
  },
  "rec_nll": 61072.3828125
}