{
  "rec_std": {
    "mean": 0.0009187207906506956,
    "p95": 0.00096348044462502
  },
  "emitter_std": {
    "mean": 0.13405480980873108,
    "p95": 0.13405975699424744
  },
  "lp_std": {
    "mean": 0.14393647015094757,
    "p95": 0.14396165311336517
  },
  "rec_nll": 86440.9140625
}