{
  "rec_std": {
    "mean": 0.0008819366339594126,
    "p95": 0.00093130610184744
  },
  "emitter_std": {
    "mean": 0.13139265775680542,
    "p95": 0.1313977837562561
  },
  "lp_std": {
    "mean": 0.15278011560440063,
    "p95": 0.15346471965312958
  },
  "rec_nll": 93643.4453125
}