{
  "rec_std": {
    "mean": 0.0009309937013313174,
    "p95": 0.0009750491008162498
  },
  "emitter_std": {
    "mean": 0.13449451327323914,
    "p95": 0.13449910283088684
  },
  "lp_std": {
    "mean": 0.14202485978603363,
    "p95": 0.14204464852809906
  },
  "rec_nll": 84065.765625
}