{
  "rec_std": {
    "mean": 0.44716763496398926,
    "p95": 2.5251731872558594
  },
  "emitter_std": {
    "mean": 0.13340921700000763,
    "p95": 0.13352017104625702
  },
  "lp_std": {
    "mean": 0.13241055607795715,
    "p95": 0.13371117413043976
  },
  "psf_std": {
    "mean": 0.1336059719324112,
    "p95": 0.13360631465911865
  },
  "rec_nll": -1.0310447216033936
}