{
  "rec_std": {
    "mean": 0.2927105128765106,
    "p95": 0.6057918667793274
  },
  "emitter_std": {
    "mean": 0.12860171496868134,
    "p95": 0.12874005734920502
  },
  "lp_std": {
    "mean": 0.12291856855154037,
    "p95": 0.1285324990749359
  },
  "psf_std": {
    "mean": 0.128652423620224,
    "p95": 0.12865477800369263
  },
  "rec_nll": -1.1438857316970825
}