{
  "rec_std": {
    "mean": 0.2918262779712677,
    "p95": 0.4420633912086487
  },
  "emitter_std": {
    "mean": 0.12919670343399048,
    "p95": 0.12930035591125488
  },
  "lp_std": {
    "mean": 0.12376479804515839,
    "p95": 0.1288023740053177
  },
  "psf_std": {
    "mean": 0.1291961669921875,
    "p95": 0.12919797003269196
  },
  "rec_nll": -1.1137951612472534
}