{
  "rec_std": {
    "mean": 0.0008865226409398019,
    "p95": 0.0009322221740148962
  },
  "emitter_std": {
    "mean": 0.1319483369588852,
    "p95": 0.13195376098155975
  },
  "lp_std": {
    "mean": 0.15113551914691925,
    "p95": 0.15120398998260498
  },
  "rec_nll": 92847.8984375
}