{
  "rec_std": {
    "mean": 0.0009579097386449575,
    "p95": 0.0010009160032495856
  },
  "emitter_std": {
    "mean": 0.13499239087104797,
    "p95": 0.13499636948108673
  },
  "lp_std": {
    "mean": 0.13938651978969574,
    "p95": 0.1394025832414627
  },
  "rec_nll": 77337.59375
}