{
  "rec_std": {
    "mean": 0.0009429157944396138,
    "p95": 0.0009867636254057288
  },
  "emitter_std": {
    "mean": 0.1347806304693222,
    "p95": 0.1347850114107132
  },
  "lp_std": {
    "mean": 0.1406034380197525,
    "p95": 0.14062900841236115
  },
  "rec_nll": 81469.4765625
}