{
  "rec_std": {
    "mean": 0.0009236245532520115,
    "p95": 0.0009699211223050952
  },
  "emitter_std": {
    "mean": 0.13428708910942078,
    "p95": 0.13429254293441772
  },
  "lp_std": {
    "mean": 0.14295987784862518,
    "p95": 0.1429951786994934
  },
  "rec_nll": 84016.5546875
}