{
  "rec_std": {
    "mean": 0.030544983223080635,
    "p95": 0.1025392934679985
  },
  "lp_std": {
    "mean": 0.14210164546966553,
    "p95": 0.14240168035030365
  },
  "rec_nll": 9360.6552734375
}