{
  "rec_std": {
    "mean": 0.0009082286851480603,
    "p95": 0.0009526618523523211
  },
  "emitter_std": {
    "mean": 0.13359077274799347,
    "p95": 0.13359548151493073
  },
  "lp_std": {
    "mean": 0.14572961628437042,
    "p95": 0.1457572728395462
  },
  "rec_nll": 88993.3828125
}