{
  "rec_std": {
    "mean": 0.2905232310295105,
    "p95": 1.1538045406341553
  },
  "emitter_std": {
    "mean": 0.13148757815361023,
    "p95": 0.13152775168418884
  },
  "lp_std": {
    "mean": 0.12940354645252228,
    "p95": 0.1326802372932434
  },
  "psf_std": {
    "mean": 0.1315261572599411,
    "p95": 0.13152602314949036
  },
  "rec_nll": -0.829767107963562
}