{
  "rec_std": {
    "mean": 0.0008928276947699487,
    "p95": 0.0009373764041811228
  },
  "emitter_std": {
    "mean": 0.13248176872730255,
    "p95": 0.13248692452907562
  },
  "lp_std": {
    "mean": 0.14949262142181396,
    "p95": 0.14953839778900146
  },
  "rec_nll": 91601.546875
}