{
  "rec_std": {
    "mean": 0.000917439057957381,
    "p95": 0.0009618764743208885
  },
  "emitter_std": {
    "mean": 0.13400483131408691,
    "p95": 0.13401004672050476
  },
  "lp_std": {
    "mean": 0.1441400647163391,
    "p95": 0.14417323470115662
  },
  "rec_nll": 86256.90625
}