{
  "rec_std": {
    "mean": 0.0313732773065567,
    "p95": 0.12300136685371399
  },
  "lp_std": {
    "mean": 0.14249710738658905,
    "p95": 0.14278864860534668
  },
  "rec_nll": 6953.52001953125
}