{
  "rec_std": {
    "mean": 0.3391604721546173,
    "p95": 1.621984601020813
  },
  "emitter_std": {
    "mean": 0.13300086557865143,
    "p95": 0.13307857513427734
  },
  "lp_std": {
    "mean": 0.13094618916511536,
    "p95": 0.1328919231891632
  },
  "psf_std": {
    "mean": 0.13306979835033417,
    "p95": 0.13306976854801178
  },
  "rec_nll": -0.9516002535820007
}