{
  "rec_std": {
    "mean": 0.28534576296806335,
    "p95": 0.9791842103004456
  },
  "emitter_std": {
    "mean": 0.12455449253320694,
    "p95": 0.12477120012044907
  },
  "lp_std": {
    "mean": 0.11708048731088638,
    "p95": 0.12479818612337112
  },
  "psf_std": {
    "mean": 0.12472566962242126,
    "p95": 0.12472715228796005
  },
  "rec_nll": -1.1532924175262451
}