{
  "rec_std": {
    "mean": 0.0009256813209503889,
    "p95": 0.0009694953332655132
  },
  "emitter_std": {
    "mean": 0.13435152173042297,
    "p95": 0.13435626029968262
  },
  "lp_std": {
    "mean": 0.14267516136169434,
    "p95": 0.14269690215587616
  },
  "rec_nll": 84958.84375
}