{
  "rec_std": {
    "mean": 0.0009425505413673818,
    "p95": 0.0009858153061941266
  },
  "emitter_std": {
    "mean": 0.13477304577827454,
    "p95": 0.13477745652198792
  },
  "lp_std": {
    "mean": 0.14064401388168335,
    "p95": 0.14066056907176971
  },
  "rec_nll": 81517.625
}