{
  "rec_std": {
    "mean": 0.0008818000787869096,
    "p95": 0.0009307189611718059
  },
  "emitter_std": {
    "mean": 0.13113628327846527,
    "p95": 0.13114166259765625
  },
  "lp_std": {
    "mean": 0.15351641178131104,
    "p95": 0.1546715497970581
  },
  "rec_nll": 93088.6484375
}