{
  "rec_std": {
    "mean": 0.3313012719154358,
    "p95": 0.4709014296531677
  },
  "emitter_std": {
    "mean": 0.13498443365097046,
    "p95": 0.13499997556209564
  },
  "lp_std": {
    "mean": 0.1349036693572998,
    "p95": 0.13492155075073242
  },
  "psf_std": {
    "mean": 0.13504096865653992,
    "p95": 0.13504107296466827
  },
  "rec_nll": -0.914372980594635
}