{
  "rec_std": {
    "mean": 0.287473201751709,
    "p95": 0.7317405343055725
  },
  "emitter_std": {
    "mean": 0.1270853579044342,
    "p95": 0.1272224336862564
  },
  "lp_std": {
    "mean": 0.12071193009614944,
    "p95": 0.12715406715869904
  },
  "psf_std": {
    "mean": 0.12715046107769012,
    "p95": 0.1271526962518692
  },
  "rec_nll": -1.0806148052215576
}