{
  "rec_std": {
    "mean": 0.0008794879540801048,
    "p95": 0.0009311154135502875
  },
  "emitter_std": {
    "mean": 0.13097727298736572,
    "p95": 0.1309824287891388
  },
  "lp_std": {
    "mean": 0.15396323800086975,
    "p95": 0.1550719439983368
  },
  "rec_nll": 94179.65625
}