{
  "rec_std": {
    "mean": 0.0009546369547024369,
    "p95": 0.0009985377546399832
  },
  "emitter_std": {
    "mean": 0.1349528282880783,
    "p95": 0.13495707511901855
  },
  "lp_std": {
    "mean": 0.13962973654270172,
    "p95": 0.13965252041816711
  },
  "rec_nll": 77958.4921875
}