{
  "rec_std": {
    "mean": 0.0009804677683860064,
    "p95": 0.0010256246896460652
  },
  "emitter_std": {
    "mean": 0.13516072928905487,
    "p95": 0.13516457378864288
  },
  "lp_std": {
    "mean": 0.13825194537639618,
    "p95": 0.13827745616436005
  },
  "rec_nll": 71762.125
}