{
  "rec_std": {
    "mean": 0.28965237736701965,
    "p95": 0.4237304925918579
  },
  "emitter_std": {
    "mean": 0.1303972601890564,
    "p95": 0.1304858922958374
  },
  "lp_std": {
    "mean": 0.12550613284111023,
    "p95": 0.12920580804347992
  },
  "psf_std": {
    "mean": 0.13035154342651367,
    "p95": 0.1303514540195465
  },
  "rec_nll": -1.0459165573120117
}