{
  "rec_std": {
    "mean": 0.041514962911605835,
    "p95": 0.10384789109230042
  },
  "lp_std": {
    "mean": 0.1383284479379654,
    "p95": 0.13840852677822113
  },
  "rec_nll": 129.351806640625
}