{
  "rec_std": {
    "mean": 0.038204267621040344,
    "p95": 0.10067041963338852
  },
  "lp_std": {
    "mean": 0.14200592041015625,
    "p95": 0.14228826761245728
  },
  "rec_nll": 497.3592834472656
}