{
  "rec_std": {
    "mean": 0.0014818462077528238,
    "p95": 0.001519632525742054
  },
  "emitter_std": {
    "mean": 0.13539722561836243,
    "p95": 0.13539862632751465
  },
  "lp_std": {
    "mean": 0.1358630508184433,
    "p95": 0.13586632907390594
  },
  "rec_nll": 32634.037109375
}