{
  "rec_std": {
    "mean": 0.04223117232322693,
    "p95": 0.05949918180704117
  },
  "emitter_std": {
    "mean": 0.13678748905658722,
    "p95": 0.1369379460811615
  },
  "rec_nll": 14.848468780517578
}