{
  "rec_std": {
    "mean": 0.0009088956867344677,
    "p95": 0.0009536604047752917
  },
  "emitter_std": {
    "mean": 0.13361310958862305,
    "p95": 0.13361850380897522
  },
  "lp_std": {
    "mean": 0.14564797282218933,
    "p95": 0.14567388594150543
  },
  "rec_nll": 88127.4140625
}