{
  "rec_std": {
    "mean": 0.0009071422973647714,
    "p95": 0.0009527840884402394
  },
  "emitter_std": {
    "mean": 0.13346755504608154,
    "p95": 0.13347284495830536
  },
  "lp_std": {
    "mean": 0.1461784392595291,
    "p95": 0.1462297886610031
  },
  "rec_nll": 88350.84375
}