{
  "rec_std": {
    "mean": 0.28089016675949097,
    "p95": 0.977480947971344
  },
  "emitter_std": {
    "mean": 0.1253703087568283,
    "p95": 0.12552033364772797
  },
  "lp_std": {
    "mean": 0.11824052780866623,
    "p95": 0.12551873922348022
  },
  "psf_std": {
    "mean": 0.12547188997268677,
    "p95": 0.12547369301319122
  },
  "rec_nll": -1.112083911895752
}