{
  "rec_std": {
    "mean": 0.0009154989966191351,
    "p95": 0.0009598627220839262
  },
  "emitter_std": {
    "mean": 0.13394378125667572,
    "p95": 0.1339484602212906
  },
  "lp_std": {
    "mean": 0.14438442885875702,
    "p95": 0.14440982043743134
  },
  "rec_nll": 87312.453125
}