{
  "rec_std": {
    "mean": 0.000884933047927916,
    "p95": 0.0009342044359073043
  },
  "emitter_std": {
    "mean": 0.1317284107208252,
    "p95": 0.13173381984233856
  },
  "lp_std": {
    "mean": 0.15179382264614105,
    "p95": 0.15201100707054138
  },
  "rec_nll": 92928.7734375
}