{
  "rec_std": {
    "mean": 0.0008849415462464094,
    "p95": 0.0009323207195848227
  },
  "emitter_std": {
    "mean": 0.13168683648109436,
    "p95": 0.13169237971305847
  },
  "lp_std": {
    "mean": 0.15191742777824402,
    "p95": 0.1522660106420517
  },
  "rec_nll": 92027.625
}