{
  "rec_std": {
    "mean": 0.04151672124862671,
    "p95": 0.05684207007288933
  },
  "emitter_std": {
    "mean": 0.1366506963968277,
    "p95": 0.13691525161266327
  },
  "rec_nll": 7.393424034118652
}