{
  "rec_std": {
    "mean": 0.31180790066719055,
    "p95": 0.3937195837497711
  },
  "emitter_std": {
    "mean": 0.13486868143081665,
    "p95": 0.13488200306892395
  },
  "lp_std": {
    "mean": 0.13474953174591064,
    "p95": 0.1347712278366089
  },
  "psf_std": {
    "mean": 0.13493509590625763,
    "p95": 0.13493525981903076
  },
  "rec_nll": -0.9799051284790039
}