{
  "rec_std": {
    "mean": 0.2929348349571228,
    "p95": 1.386454701423645
  },
  "emitter_std": {
    "mean": 0.12480470538139343,
    "p95": 0.12505270540714264
  },
  "lp_std": {
    "mean": 0.11770766228437424,
    "p95": 0.12510456144809723
  },
  "psf_std": {
    "mean": 0.1250055730342865,
    "p95": 0.1250070333480835
  },
  "rec_nll": -1.024288296699524
}