{
  "rec_std": {
    "mean": 0.0009103434858843684,
    "p95": 0.0009551009279675782
  },
  "emitter_std": {
    "mean": 0.13369008898735046,
    "p95": 0.13369545340538025
  },
  "lp_std": {
    "mean": 0.14536255598068237,
    "p95": 0.14540107548236847
  },
  "rec_nll": 87436.3125
}