{
  "rec_std": {
    "mean": 0.0008945124573074281,
    "p95": 0.0009389483602717519
  },
  "emitter_std": {
    "mean": 0.13259676098823547,
    "p95": 0.1326022893190384
  },
  "lp_std": {
    "mean": 0.14912362396717072,
    "p95": 0.1491631418466568
  },
  "rec_nll": 91052.0078125
}