{
  "rec_std": {
    "mean": 0.026535049080848694,
    "p95": 0.0836467370390892
  },
  "lp_std": {
    "mean": 0.1441800594329834,
    "p95": 0.14454901218414307
  },
  "rec_nll": 1393.4649658203125
}