{
  "rec_std": {
    "mean": 0.03199399635195732,
    "p95": 0.09433654695749283
  },
  "lp_std": {
    "mean": 0.14375613629817963,
    "p95": 0.14401556551456451
  },
  "rec_nll": 1346.61767578125
}