{
  "rec_std": {
    "mean": 0.0009404311422258615,
    "p95": 0.0009840228594839573
  },
  "emitter_std": {
    "mean": 0.1347348988056183,
    "p95": 0.13473984599113464
  },
  "lp_std": {
    "mean": 0.14084699749946594,
    "p95": 0.14086420834064484
  },
  "rec_nll": 81261.1171875
}