{
  "rec_std": {
    "mean": 0.0008980640559457242,
    "p95": 0.0009430999052710831
  },
  "emitter_std": {
    "mean": 0.13287293910980225,
    "p95": 0.13287830352783203
  },
  "lp_std": {
    "mean": 0.14822237193584442,
    "p95": 0.14825598895549774
  },
  "rec_nll": 90622.4140625
}