{
  "rec_std": {
    "mean": 0.00093015719903633,
    "p95": 0.0009740766836330295
  },
  "emitter_std": {
    "mean": 0.13445933163166046,
    "p95": 0.13446444272994995
  },
  "lp_std": {
    "mean": 0.14218738675117493,
    "p95": 0.14221380650997162
  },
  "rec_nll": 83767.9453125
}