{
  "rec_std": {
    "mean": 0.0008831953746266663,
    "p95": 0.0009344256250187755
  },
  "emitter_std": {
    "mean": 0.1314772367477417,
    "p95": 0.13148270547389984
  },
  "lp_std": {
    "mean": 0.15253423154354095,
    "p95": 0.15328149497509003
  },
  "rec_nll": 93101.0234375
}