{
  "rec_std": {
    "mean": 0.0009896031115204096,
    "p95": 0.0010317538399249315
  },
  "emitter_std": {
    "mean": 0.13520286977291107,
    "p95": 0.1352061778306961
  },
  "lp_std": {
    "mean": 0.13792812824249268,
    "p95": 0.13794299960136414
  },
  "rec_nll": 71385.9609375
}