{
  "rec_std": {
    "mean": 0.045537516474723816,
    "p95": 0.061986230313777924
  },
  "emitter_std": {
    "mean": 0.1369110494852066,
    "p95": 0.13720202445983887
  },
  "rec_nll": 5.846868991851807
}