{
  "rec_std": {
    "mean": 0.0008812177693471313,
    "p95": 0.000934719922952354
  },
  "emitter_std": {
    "mean": 0.13096286356449127,
    "p95": 0.13096843659877777
  },
  "lp_std": {
    "mean": 0.15400521457195282,
    "p95": 0.15560860931873322
  },
  "rec_nll": 92501.25
}