{
  "rec_std": {
    "mean": 0.0008790617575868964,
    "p95": 0.0009340334800072014
  },
  "emitter_std": {
    "mean": 0.13084621727466583,
    "p95": 0.1308516412973404
  },
  "lp_std": {
    "mean": 0.15432924032211304,
    "p95": 0.15574738383293152
  },
  "rec_nll": 93426.796875
}