{
  "rec_std": {
    "mean": 0.0008979976992122829,
    "p95": 0.0009426439646631479
  },
  "emitter_std": {
    "mean": 0.13286057114601135,
    "p95": 0.13286595046520233
  },
  "lp_std": {
    "mean": 0.14826326072216034,
    "p95": 0.1482953578233719
  },
  "rec_nll": 90565.421875
}