{
  "rec_std": {
    "mean": 0.0008806866244412959,
    "p95": 0.0009402065188623965
  },
  "emitter_std": {
    "mean": 0.1304025650024414,
    "p95": 0.13040776550769806
  },
  "lp_std": {
    "mean": 0.15553466975688934,
    "p95": 0.1582425832748413
  },
  "rec_nll": 94127.796875
}