{
  "rec_std": {
    "mean": 0.0009769309544935822,
    "p95": 0.0010177501244470477
  },
  "emitter_std": {
    "mean": 0.13514366745948792,
    "p95": 0.1351468861103058
  },
  "lp_std": {
    "mean": 0.13837341964244843,
    "p95": 0.13838107883930206
  },
  "rec_nll": 74189.1015625
}