{
  "rec_std": {
    "mean": 0.3058857023715973,
    "p95": 0.8268943428993225
  },
  "emitter_std": {
    "mean": 0.13126778602600098,
    "p95": 0.1313537359237671
  },
  "lp_std": {
    "mean": 0.12708374857902527,
    "p95": 0.13036729395389557
  },
  "psf_std": {
    "mean": 0.1312292516231537,
    "p95": 0.13122887909412384
  },
  "rec_nll": -1.0783230066299438
}