{
  "rec_std": {
    "mean": 0.0008839242509566247,
    "p95": 0.0009304187842644751
  },
  "emitter_std": {
    "mean": 0.13164503872394562,
    "p95": 0.13165034353733063
  },
  "lp_std": {
    "mean": 0.1520404815673828,
    "p95": 0.1522693783044815
  },
  "rec_nll": 93307.1875
}