{
  "rec_std": {
    "mean": 0.0008820934453979135,
    "p95": 0.0009334109490737319
  },
  "emitter_std": {
    "mean": 0.131193608045578,
    "p95": 0.13119888305664062
  },
  "lp_std": {
    "mean": 0.15335319936275482,
    "p95": 0.1545047014951706
  },
  "rec_nll": 93067.5703125
}