{
  "rec_std": {
    "mean": 0.0008833816973492503,
    "p95": 0.0009315501083619893
  },
  "emitter_std": {
    "mean": 0.1312936544418335,
    "p95": 0.13129931688308716
  },
  "lp_std": {
    "mean": 0.1530677080154419,
    "p95": 0.15408030152320862
  },
  "rec_nll": 92145.2890625
}