{
  "rec_std": {
    "mean": 0.001069636200554669,
    "p95": 0.0011344235390424728
  },
  "emitter_std": {
    "mean": 0.13533636927604675,
    "p95": 0.13533903658390045
  },
  "lp_std": {
    "mean": 0.13671548664569855,
    "p95": 0.13674451410770416
  },
  "rec_nll": 59758.1328125
}