{
  "rec_std": {
    "mean": 0.0009095077402889729,
    "p95": 0.0009539770544506609
  },
  "emitter_std": {
    "mean": 0.133646160364151,
    "p95": 0.13365134596824646
  },
  "lp_std": {
    "mean": 0.14552561938762665,
    "p95": 0.14555080235004425
  },
  "rec_nll": 87827.140625
}