{
  "rec_std": {
    "mean": 0.3084074556827545,
    "p95": 0.7964116930961609
  },
  "emitter_std": {
    "mean": 0.1314600557088852,
    "p95": 0.13152822852134705
  },
  "lp_std": {
    "mean": 0.12746086716651917,
    "p95": 0.13079431653022766
  },
  "psf_std": {
    "mean": 0.131409153342247,
    "p95": 0.13140884041786194
  },
  "rec_nll": -1.0272281169891357
}