{
  "rec_std": {
    "mean": 0.000883020693436265,
    "p95": 0.0009435144020244479
  },
  "emitter_std": {
    "mean": 0.13034245371818542,
    "p95": 0.1303473562002182
  },
  "lp_std": {
    "mean": 0.15569469332695007,
    "p95": 0.15885239839553833
  },
  "rec_nll": 93844.125
}