{
  "rec_std": {
    "mean": 0.0008831251179799438,
    "p95": 0.0009305948042310774
  },
  "emitter_std": {
    "mean": 0.13149140775203705,
    "p95": 0.13149692118167877
  },
  "lp_std": {
    "mean": 0.15249304473400116,
    "p95": 0.15315718948841095
  },
  "rec_nll": 92833.0234375
}