{
  "rec_std": {
    "mean": 0.0009115503053180873,
    "p95": 0.000955748138949275
  },
  "emitter_std": {
    "mean": 0.1337655782699585,
    "p95": 0.1337706595659256
  },
  "lp_std": {
    "mean": 0.14507712423801422,
    "p95": 0.1450987607240677
  },
  "rec_nll": 87521.34375
}