{
  "rec_std": {
    "mean": 0.000931008777115494,
    "p95": 0.0009744129492901266
  },
  "emitter_std": {
    "mean": 0.13448596000671387,
    "p95": 0.1344911903142929
  },
  "lp_std": {
    "mean": 0.14206549525260925,
    "p95": 0.14208044111728668
  },
  "rec_nll": 83134.71875
}