{
  "rec_std": {
    "mean": 0.0009464171016588807,
    "p95": 0.0009898808784782887
  },
  "emitter_std": {
    "mean": 0.1348549723625183,
    "p95": 0.13485968112945557
  },
  "lp_std": {
    "mean": 0.14019767940044403,
    "p95": 0.1402159035205841
  },
  "rec_nll": 79814.5859375
}