{
  "rec_std": {
    "mean": 0.047085780650377274,
    "p95": 0.15738201141357422
  },
  "lp_std": {
    "mean": 0.14021043479442596,
    "p95": 0.14067471027374268
  },
  "rec_nll": 7206.59521484375
}