{
  "rec_std": {
    "mean": 0.0009469306678511202,
    "p95": 0.0009902134770527482
  },
  "emitter_std": {
    "mean": 0.13486213982105255,
    "p95": 0.1348666548728943
  },
  "lp_std": {
    "mean": 0.1401570737361908,
    "p95": 0.14017456769943237
  },
  "rec_nll": 80088.6015625
}