{
  "rec_std": {
    "mean": 0.0009007645421661437,
    "p95": 0.0009451454970985651
  },
  "emitter_std": {
    "mean": 0.1330929547548294,
    "p95": 0.13309843838214874
  },
  "lp_std": {
    "mean": 0.14748583734035492,
    "p95": 0.1475229561328888
  },
  "rec_nll": 89669.546875
}