{
  "rec_std": {
    "mean": 0.0013501484645530581,
    "p95": 0.001407429575920105
  },
  "emitter_std": {
    "mean": 0.13538892567157745,
    "p95": 0.13539046049118042
  },
  "lp_std": {
    "mean": 0.1360245943069458,
    "p95": 0.1360350400209427
  },
  "rec_nll": 39086.4453125
}