{
  "rec_std": {
    "mean": 0.034121278673410416,
    "p95": 0.09903966635465622
  },
  "lp_std": {
    "mean": 0.14481185376644135,
    "p95": 0.1451249122619629
  },
  "rec_nll": 343.40338134765625
}