{
  "rec_std": {
    "mean": 0.28037911653518677,
    "p95": 0.6458866000175476
  },
  "emitter_std": {
    "mean": 0.12574219703674316,
    "p95": 0.1258942186832428
  },
  "lp_std": {
    "mean": 0.11870579421520233,
    "p95": 0.12588095664978027
  },
  "psf_std": {
    "mean": 0.12584389746189117,
    "p95": 0.12584543228149414
  },
  "rec_nll": -1.1313003301620483
}