{
  "rec_std": {
    "mean": 0.31295865774154663,
    "p95": 0.48623451590538025
  },
  "emitter_std": {
    "mean": 0.1337345987558365,
    "p95": 0.1337730586528778
  },
  "lp_std": {
    "mean": 0.13352467119693756,
    "p95": 0.13387040793895721
  },
  "psf_std": {
    "mean": 0.13385550677776337,
    "p95": 0.13385562598705292
  },
  "rec_nll": -0.9759520888328552
}