{
  "rec_std": {
    "mean": 0.002304305788129568,
    "p95": 0.0031200838275253773
  },
  "emitter_std": {
    "mean": 0.13536176085472107,
    "p95": 0.1353774517774582
  },
  "lp_std": {
    "mean": 0.13537950813770294,
    "p95": 0.1353822946548462
  },
  "rec_nll": 5468.95166015625
}