{
  "rec_std": {
    "mean": 0.0008946027955971658,
    "p95": 0.0009392385836690664
  },
  "emitter_std": {
    "mean": 0.13260923326015472,
    "p95": 0.13261452317237854
  },
  "lp_std": {
    "mean": 0.14908257126808167,
    "p95": 0.14912624657154083
  },
  "rec_nll": 91429.1015625
}