{
  "rec_std": {
    "mean": 0.0009692033636383712,
    "p95": 0.001014361041598022
  },
  "emitter_std": {
    "mean": 0.1350916028022766,
    "p95": 0.1350952684879303
  },
  "lp_std": {
    "mean": 0.13873794674873352,
    "p95": 0.13876573741436005
  },
  "rec_nll": 74695.671875
}