{
  "rec_std": {
    "mean": 0.3051773011684418,
    "p95": 0.365221232175827
  },
  "emitter_std": {
    "mean": 0.13476306200027466,
    "p95": 0.13477280735969543
  },
  "lp_std": {
    "mean": 0.1346312165260315,
    "p95": 0.13474585115909576
  },
  "psf_std": {
    "mean": 0.13483572006225586,
    "p95": 0.13483591377735138
  },
  "rec_nll": -0.9348313212394714
}