{
  "rec_std": {
    "mean": 0.0011073318310081959,
    "p95": 0.001202943385578692
  },
  "emitter_std": {
    "mean": 0.1353539526462555,
    "p95": 0.13535620272159576
  },
  "lp_std": {
    "mean": 0.13651202619075775,
    "p95": 0.13656166195869446
  },
  "rec_nll": 56542.12109375
}