{
  "rec_std": {
    "mean": 0.000905886641703546,
    "p95": 0.0009499689913354814
  },
  "emitter_std": {
    "mean": 0.1334102302789688,
    "p95": 0.13341543078422546
  },
  "lp_std": {
    "mean": 0.14638260006904602,
    "p95": 0.146417036652565
  },
  "rec_nll": 88854.0078125
}