{
  "rec_std": {
    "mean": 0.0009210702846758068,
    "p95": 0.0009649510029703379
  },
  "emitter_std": {
    "mean": 0.134163036942482,
    "p95": 0.13416792452335358
  },
  "lp_std": {
    "mean": 0.14348870515823364,
    "p95": 0.14351317286491394
  },
  "rec_nll": 85839.2734375
}