{
  "rec_std": {
    "mean": 0.0009161778725683689,
    "p95": 0.0009650542633607984
  },
  "emitter_std": {
    "mean": 0.13396430015563965,
    "p95": 0.1339692771434784
  },
  "lp_std": {
    "mean": 0.14430296421051025,
    "p95": 0.1443595141172409
  },
  "rec_nll": 86925.2265625
}