{
  "rec_std": {
    "mean": 0.0009563037310726941,
    "p95": 0.0010001200716942549
  },
  "emitter_std": {
    "mean": 0.13497278094291687,
    "p95": 0.13497695326805115
  },
  "lp_std": {
    "mean": 0.13950811326503754,
    "p95": 0.1395254284143448
  },
  "rec_nll": 77651.1875
}