{
  "rec_std": {
    "mean": 0.0009382984135299921,
    "p95": 0.000985700055025518
  },
  "emitter_std": {
    "mean": 0.1346953809261322,
    "p95": 0.13469982147216797
  },
  "lp_std": {
    "mean": 0.14104998111724854,
    "p95": 0.14108790457248688
  },
  "rec_nll": 82450.6953125
}