{
  "rec_std": {
    "mean": 0.0009282230748794973,
    "p95": 0.0009724684059619904
  },
  "emitter_std": {
    "mean": 0.13441471755504608,
    "p95": 0.1344195455312729
  },
  "lp_std": {
    "mean": 0.1423906683921814,
    "p95": 0.14242112636566162
  },
  "rec_nll": 84402.4140625
}