{
  "rec_std": {
    "mean": 0.284250408411026,
    "p95": 0.5619443655014038
  },
  "emitter_std": {
    "mean": 0.12464519590139389,
    "p95": 0.12488393485546112
  },
  "lp_std": {
    "mean": 0.11881747841835022,
    "p95": 0.12548717856407166
  },
  "psf_std": {
    "mean": 0.1251898854970932,
    "p95": 0.1251916140317917
  },
  "rec_nll": -1.14220130443573
}