{
  "rec_std": {
    "mean": 0.0009304063278250396,
    "p95": 0.000973449379671365
  },
  "emitter_std": {
    "mean": 0.13446815311908722,
    "p95": 0.13447314500808716
  },
  "lp_std": {
    "mean": 0.1421467363834381,
    "p95": 0.14216643571853638
  },
  "rec_nll": 83663.9296875
}