{
  "rec_std": {
    "mean": 0.0008803249220363796,
    "p95": 0.0009295131312683225
  },
  "emitter_std": {
    "mean": 0.13106417655944824,
    "p95": 0.13106957077980042
  },
  "lp_std": {
    "mean": 0.15371938049793243,
    "p95": 0.1548459529876709
  },
  "rec_nll": 93281.2421875
}