{
  "rec_std": {
    "mean": 0.0009000046993605793,
    "p95": 0.0009453796083107591
  },
  "emitter_std": {
    "mean": 0.13303235173225403,
    "p95": 0.13303758203983307
  },
  "lp_std": {
    "mean": 0.14769038558006287,
    "p95": 0.1477404087781906
  },
  "rec_nll": 90181.3984375
}