{
  "rec_std": {
    "mean": 0.3018552362918854,
    "p95": 0.5026334524154663
  },
  "emitter_std": {
    "mean": 0.13099704682826996,
    "p95": 0.13108067214488983
  },
  "lp_std": {
    "mean": 0.1264979988336563,
    "p95": 0.12995994091033936
  },
  "psf_std": {
    "mean": 0.1309509426355362,
    "p95": 0.13095057010650635
  },
  "rec_nll": -1.0717387199401855
}