{
  "rec_std": {
    "mean": 0.28291869163513184,
    "p95": 0.5142287015914917
  },
  "emitter_std": {
    "mean": 0.12838342785835266,
    "p95": 0.12847982347011566
  },
  "lp_std": {
    "mean": 0.12249729782342911,
    "p95": 0.12806008756160736
  },
  "psf_std": {
    "mean": 0.12839539349079132,
    "p95": 0.12839868664741516
  },
  "rec_nll": -1.0782562494277954
}