{
  "rec_std": {
    "mean": 0.28893977403640747,
    "p95": 0.5744056701660156
  },
  "emitter_std": {
    "mean": 0.13016508519649506,
    "p95": 0.13025374710559845
  },
  "lp_std": {
    "mean": 0.1252230405807495,
    "p95": 0.12957923114299774
  },
  "psf_std": {
    "mean": 0.13011978566646576,
    "p95": 0.1301209032535553
  },
  "rec_nll": -1.0484635829925537
}