{
  "rec_std": {
    "mean": 0.28947603702545166,
    "p95": 0.6313219666481018
  },
  "emitter_std": {
    "mean": 0.12606073915958405,
    "p95": 0.12627242505550385
  },
  "lp_std": {
    "mean": 0.11917085945606232,
    "p95": 0.1259417086839676
  },
  "psf_std": {
    "mean": 0.12621988356113434,
    "p95": 0.12622253596782684
  },
  "rec_nll": -1.162374496459961
}