{
  "rec_std": {
    "mean": 0.02709290385246277,
    "p95": 0.06951980292797089
  },
  "lp_std": {
    "mean": 0.13725942373275757,
    "p95": 0.1372995525598526
  },
  "rec_nll": 9.163636207580566
}