{
  "rec_std": {
    "mean": 0.0009182230569422245,
    "p95": 0.0009620409109629691
  },
  "emitter_std": {
    "mean": 0.13403481245040894,
    "p95": 0.1340397596359253
  },
  "lp_std": {
    "mean": 0.14401791989803314,
    "p95": 0.1440412998199463
  },
  "rec_nll": 86601.1484375
}