{
  "rec_std": {
    "mean": 0.0008854864281602204,
    "p95": 0.0009356124210171402
  },
  "emitter_std": {
    "mean": 0.13181127607822418,
    "p95": 0.13181664049625397
  },
  "lp_std": {
    "mean": 0.15154682099819183,
    "p95": 0.15167687833309174
  },
  "rec_nll": 93093.078125
}