{
  "rec_std": {
    "mean": 0.2835373282432556,
    "p95": 0.4381871223449707
  },
  "emitter_std": {
    "mean": 0.12764693796634674,
    "p95": 0.12776027619838715
  },
  "lp_std": {
    "mean": 0.12141351401805878,
    "p95": 0.1275729089975357
  },
  "psf_std": {
    "mean": 0.12767992913722992,
    "p95": 0.12768225371837616
  },
  "rec_nll": -1.139769434928894
}