{
  "rec_std": {
    "mean": 0.0008857703069224954,
    "p95": 0.0009343408746644855
  },
  "emitter_std": {
    "mean": 0.13178355991840363,
    "p95": 0.13178876042366028
  },
  "lp_std": {
    "mean": 0.1516294628381729,
    "p95": 0.15189264714717865
  },
  "rec_nll": 92804.0
}