{
  "rec_std": {
    "mean": 0.000982528435997665,
    "p95": 0.0010241385316476226
  },
  "emitter_std": {
    "mean": 0.13517126441001892,
    "p95": 0.13517455756664276
  },
  "lp_std": {
    "mean": 0.13817094266414642,
    "p95": 0.1381845772266388
  },
  "rec_nll": 72823.6953125
}