{
  "rec_std": {
    "mean": 0.04292943701148033,
    "p95": 0.05955127254128456
  },
  "emitter_std": {
    "mean": 0.1366954743862152,
    "p95": 0.13689354062080383
  },
  "rec_nll": 19.23727798461914
}