{
  "rec_std": {
    "mean": 0.03190545737743378,
    "p95": 0.08191443234682083
  },
  "lp_std": {
    "mean": 0.13863369822502136,
    "p95": 0.1387294977903366
  },
  "rec_nll": 116.38092803955078
}