{
  "rec_std": {
    "mean": 0.0008793419110588729,
    "p95": 0.0009320718818344176
  },
  "emitter_std": {
    "mean": 0.1309192031621933,
    "p95": 0.13092491030693054
  },
  "lp_std": {
    "mean": 0.15412582457065582,
    "p95": 0.15544098615646362
  },
  "rec_nll": 93150.9765625
}