{
  "rec_std": {
    "mean": 0.29487019777297974,
    "p95": 1.1421318054199219
  },
  "emitter_std": {
    "mean": 0.13179494440555573,
    "p95": 0.13184131681919098
  },
  "lp_std": {
    "mean": 0.12998056411743164,
    "p95": 0.13293999433517456
  },
  "psf_std": {
    "mean": 0.13184663653373718,
    "p95": 0.13184647262096405
  },
  "rec_nll": -0.8580060005187988
}