{
  "rec_std": {
    "mean": 0.0008855577325448394,
    "p95": 0.0009528952068649232
  },
  "emitter_std": {
    "mean": 0.13055147230625153,
    "p95": 0.13055649399757385
  },
  "lp_std": {
    "mean": 0.15514206886291504,
    "p95": 0.15831609070301056
  },
  "rec_nll": 93142.21875
}