{
  "rec_std": {
    "mean": 0.0009109748643822968,
    "p95": 0.0009549956303089857
  },
  "emitter_std": {
    "mean": 0.13373340666294098,
    "p95": 0.1337384581565857
  },
  "lp_std": {
    "mean": 0.14519938826560974,
    "p95": 0.14523306488990784
  },
  "rec_nll": 87879.328125
}