{
  "rec_std": {
    "mean": 0.0008977027609944344,
    "p95": 0.0009424348827451468
  },
  "emitter_std": {
    "mean": 0.13283564150333405,
    "p95": 0.1328410506248474
  },
  "lp_std": {
    "mean": 0.14834515750408173,
    "p95": 0.14837899804115295
  },
  "rec_nll": 90640.5390625
}