{
  "rec_std": {
    "mean": 0.0008949419716373086,
    "p95": 0.0009393164655193686
  },
  "emitter_std": {
    "mean": 0.1326342225074768,
    "p95": 0.13263937830924988
  },
  "lp_std": {
    "mean": 0.14900055527687073,
    "p95": 0.14904306828975677
  },
  "rec_nll": 91226.25
}