{
  "rec_std": {
    "mean": 0.31668686866760254,
    "p95": 0.9979211091995239
  },
  "emitter_std": {
    "mean": 0.1324407309293747,
    "p95": 0.13250717520713806
  },
  "lp_std": {
    "mean": 0.12956932187080383,
    "p95": 0.1322939395904541
  },
  "psf_std": {
    "mean": 0.13242152333259583,
    "p95": 0.1324215829372406
  },
  "rec_nll": -1.0450271368026733
}