{
  "rec_std": {
    "mean": 0.0015880801947787404,
    "p95": 0.0016272617504000664
  },
  "emitter_std": {
    "mean": 0.13540107011795044,
    "p95": 0.13540275394916534
  },
  "lp_std": {
    "mean": 0.1357421875,
    "p95": 0.1357450634241104
  },
  "rec_nll": 27805.8203125
}