{
  "rec_std": {
    "mean": 0.27261286973953247,
    "p95": 0.43899014592170715
  },
  "emitter_std": {
    "mean": 0.12566709518432617,
    "p95": 0.12579719722270966
  },
  "lp_std": {
    "mean": 0.11843152344226837,
    "p95": 0.12542487680912018
  },
  "psf_std": {
    "mean": 0.12574762105941772,
    "p95": 0.12574954330921173
  },
  "rec_nll": -1.1207830905914307
}