{
  "rec_std": {
    "mean": 0.0008837600471451879,
    "p95": 0.0009309698943980038
  },
  "emitter_std": {
    "mean": 0.13158954679965973,
    "p95": 0.1315952092409134
  },
  "lp_std": {
    "mean": 0.15220516920089722,
    "p95": 0.15258339047431946
  },
  "rec_nll": 92662.0234375
}