{
  "rec_std": {
    "mean": 0.0008828628342598677,
    "p95": 0.0009307403233833611
  },
  "emitter_std": {
    "mean": 0.13150551915168762,
    "p95": 0.13151106238365173
  },
  "lp_std": {
    "mean": 0.15245164930820465,
    "p95": 0.1529402881860733
  },
  "rec_nll": 92843.859375
}