{
  "rec_std": {
    "mean": 0.001625936827622354,
    "p95": 0.00168035423848778
  },
  "emitter_std": {
    "mean": 0.135401651263237,
    "p95": 0.13540354371070862
  },
  "lp_std": {
    "mean": 0.135701984167099,
    "p95": 0.13570599257946014
  },
  "rec_nll": 26115.787109375
}