{
  "rec_std": {
    "mean": 0.29376938939094543,
    "p95": 0.47743305563926697
  },
  "emitter_std": {
    "mean": 0.12908247113227844,
    "p95": 0.12920910120010376
  },
  "lp_std": {
    "mean": 0.12362992763519287,
    "p95": 0.12885470688343048
  },
  "psf_std": {
    "mean": 0.12910564243793488,
    "p95": 0.12910759449005127
  },
  "rec_nll": -1.1320512294769287
}