{
  "rec_std": {
    "mean": 0.0009445263422094285,
    "p95": 0.0009879959980025887
  },
  "emitter_std": {
    "mean": 0.1348109394311905,
    "p95": 0.1348155438899994
  },
  "lp_std": {
    "mean": 0.14044111967086792,
    "p95": 0.14045850932598114
  },
  "rec_nll": 80352.7109375
}