{
  "rec_std": {
    "mean": 0.001018792623654008,
    "p95": 0.0010650614276528358
  },
  "emitter_std": {
    "mean": 0.13528014719486237,
    "p95": 0.13528326153755188
  },
  "lp_std": {
    "mean": 0.13728104531764984,
    "p95": 0.13730256259441376
  },
  "rec_nll": 65546.78125
}