{
  "rec_std": {
    "mean": 0.0009264257387258112,
    "p95": 0.0009709857986308634
  },
  "emitter_std": {
    "mean": 0.13436973094940186,
    "p95": 0.13437461853027344
  },
  "lp_std": {
    "mean": 0.14259392023086548,
    "p95": 0.14262588322162628
  },
  "rec_nll": 84683.0703125
}