{
  "rec_std": {
    "mean": 0.041375745087862015,
    "p95": 0.12290777266025543
  },
  "lp_std": {
    "mean": 0.14106236398220062,
    "p95": 0.14124128222465515
  },
  "rec_nll": 7715.9140625
}