{
  "rec_std": {
    "mean": 0.30158084630966187,
    "p95": 0.5322050452232361
  },
  "emitter_std": {
    "mean": 0.13065743446350098,
    "p95": 0.1307411640882492
  },
  "lp_std": {
    "mean": 0.12599897384643555,
    "p95": 0.13035927712917328
  },
  "psf_std": {
    "mean": 0.1306096464395523,
    "p95": 0.1306094527244568
  },
  "rec_nll": -1.0796836614608765
}