{
  "rec_std": {
    "mean": 0.000990787404589355,
    "p95": 0.0010347341885790229
  },
  "emitter_std": {
    "mean": 0.13520804047584534,
    "p95": 0.13521133363246918
  },
  "lp_std": {
    "mean": 0.13788765668869019,
    "p95": 0.1379079520702362
  },
  "rec_nll": 71191.265625
}