{
  "rec_std": {
    "mean": 0.000996834714896977,
    "p95": 0.0010389805538579822
  },
  "emitter_std": {
    "mean": 0.13522851467132568,
    "p95": 0.13523203134536743
  },
  "lp_std": {
    "mean": 0.1377258002758026,
    "p95": 0.1377403289079666
  },
  "rec_nll": 69125.1953125
}