{
  "rec_std": {
    "mean": 0.0009033650276251137,
    "p95": 0.0009483223548159003
  },
  "emitter_std": {
    "mean": 0.13325905799865723,
    "p95": 0.13326461613178253
  },
  "lp_std": {
    "mean": 0.1469135284423828,
    "p95": 0.14695371687412262
  },
  "rec_nll": 89085.3515625
}