{
  "rec_std": {
    "mean": 0.0009354818612337112,
    "p95": 0.000982839148491621
  },
  "emitter_std": {
    "mean": 0.1346387267112732,
    "p95": 0.13464373350143433
  },
  "lp_std": {
    "mean": 0.14133423566818237,
    "p95": 0.141376331448555
  },
  "rec_nll": 82538.9140625
}