{
  "rec_std": {
    "mean": 0.030995121225714684,
    "p95": 0.09152752161026001
  },
  "lp_std": {
    "mean": 0.1434670388698578,
    "p95": 0.14375895261764526
  },
  "rec_nll": 635.7023315429688
}