{
  "rec_std": {
    "mean": 0.0009875133400782943,
    "p95": 0.0010295100510120392
  },
  "emitter_std": {
    "mean": 0.13519281148910522,
    "p95": 0.1351965367794037
  },
  "lp_std": {
    "mean": 0.13800904154777527,
    "p95": 0.13802339136600494
  },
  "rec_nll": 70323.6171875
}