{
  "rec_std": {
    "mean": 0.0008995718671940267,
    "p95": 0.0009442297741770744
  },
  "emitter_std": {
    "mean": 0.13300807774066925,
    "p95": 0.1330130696296692
  },
  "lp_std": {
    "mean": 0.1477721929550171,
    "p95": 0.14780405163764954
  },
  "rec_nll": 90661.484375
}