{
  "rec_std": {
    "mean": 0.0009750552708283067,
    "p95": 0.0010172375477850437
  },
  "emitter_std": {
    "mean": 0.13513241708278656,
    "p95": 0.1351359486579895
  },
  "lp_std": {
    "mean": 0.1384543776512146,
    "p95": 0.1384698450565338
  },
  "rec_nll": 73873.0703125
}