{
  "rec_std": {
    "mean": 0.000901768624316901,
    "p95": 0.0009460874134674668
  },
  "emitter_std": {
    "mean": 0.1331639587879181,
    "p95": 0.13316886126995087
  },
  "lp_std": {
    "mean": 0.1472405642271042,
    "p95": 0.1472773253917694
  },
  "rec_nll": 90383.640625
}