{
  "rec_std": {
    "mean": 0.30874505639076233,
    "p95": 0.6353635191917419
  },
  "emitter_std": {
    "mean": 0.13188539445400238,
    "p95": 0.13195787370204926
  },
  "lp_std": {
    "mean": 0.1283036768436432,
    "p95": 0.13080064952373505
  },
  "psf_std": {
    "mean": 0.1318492293357849,
    "p95": 0.13184908032417297
  },
  "rec_nll": -1.0297527313232422
}