{
  "rec_std": {
    "mean": 0.2922808527946472,
    "p95": 1.1948093175888062
  },
  "emitter_std": {
    "mean": 0.1284596025943756,
    "p95": 0.12855544686317444
  },
  "lp_std": {
    "mean": 0.12270213663578033,
    "p95": 0.12830649316310883
  },
  "psf_std": {
    "mean": 0.1284729242324829,
    "p95": 0.1284763664007187
  },
  "rec_nll": -0.9275914430618286
}