{
  "rec_std": {
    "mean": 0.0008904322166927159,
    "p95": 0.0009384598233737051
  },
  "emitter_std": {
    "mean": 0.1323118358850479,
    "p95": 0.13231684267520905
  },
  "lp_std": {
    "mean": 0.1500261127948761,
    "p95": 0.15013153851032257
  },
  "rec_nll": 92478.90625
}