{
  "rec_std": {
    "mean": 0.0009209592244587839,
    "p95": 0.0009656685870140791
  },
  "emitter_std": {
    "mean": 0.13419198989868164,
    "p95": 0.13419687747955322
  },
  "lp_std": {
    "mean": 0.14336667954921722,
    "p95": 0.14340122044086456
  },
  "rec_nll": 86013.1484375
}