{
  "rec_std": {
    "mean": 0.30139315128326416,
    "p95": 1.3968913555145264
  },
  "emitter_std": {
    "mean": 0.12543527781963348,
    "p95": 0.12567046284675598
  },
  "lp_std": {
    "mean": 0.12016026675701141,
    "p95": 0.12660841643810272
  },
  "psf_std": {
    "mean": 0.1259751319885254,
    "p95": 0.12597645819187164
  },
  "rec_nll": -1.1283456087112427
}