{
  "rec_std": {
    "mean": 0.048443328589200974,
    "p95": 0.14244362711906433
  },
  "lp_std": {
    "mean": 0.14049400389194489,
    "p95": 0.1407417356967926
  },
  "rec_nll": 2718.425048828125
}