{
  "rec_std": {
    "mean": 0.28542274236679077,
    "p95": 0.6866956353187561
  },
  "emitter_std": {
    "mean": 0.12435051053762436,
    "p95": 0.12455914169549942
  },
  "lp_std": {
    "mean": 0.11848174035549164,
    "p95": 0.1257900893688202
  },
  "psf_std": {
    "mean": 0.12486147880554199,
    "p95": 0.12486308813095093
  },
  "rec_nll": -1.187260627746582
}