{
  "rec_std": {
    "mean": 0.0008818333153612912,
    "p95": 0.0009313893388025463
  },
  "emitter_std": {
    "mean": 0.13136443495750427,
    "p95": 0.13137002289295197
  },
  "lp_std": {
    "mean": 0.15286201238632202,
    "p95": 0.15355850756168365
  },
  "rec_nll": 93442.4453125
}