{
  "rec_std": {
    "mean": 0.0009048693464137614,
    "p95": 0.0009488540817983449
  },
  "emitter_std": {
    "mean": 0.13336428999900818,
    "p95": 0.13336941599845886
  },
  "lp_std": {
    "mean": 0.1465459167957306,
    "p95": 0.14657355844974518
  },
  "rec_nll": 89196.8125
}