{
  "rec_std": {
    "mean": 0.0017057029763236642,
    "p95": 0.0017684617778286338
  },
  "emitter_std": {
    "mean": 0.13540105521678925,
    "p95": 0.1354038268327713
  },
  "lp_std": {
    "mean": 0.13562150299549103,
    "p95": 0.13562555611133575
  },
  "rec_nll": 22405.4453125
}