{
  "rec_std": {
    "mean": 0.0008995551615953445,
    "p95": 0.0009449823992326856
  },
  "emitter_std": {
    "mean": 0.13299599289894104,
    "p95": 0.13300137221813202
  },
  "lp_std": {
    "mean": 0.14781305193901062,
    "p95": 0.14786437153816223
  },
  "rec_nll": 90189.796875
}