{
  "rec_std": {
    "mean": 0.0008971606148406863,
    "p95": 0.000941780221182853
  },
  "emitter_std": {
    "mean": 0.1327981799840927,
    "p95": 0.13280344009399414
  },
  "lp_std": {
    "mean": 0.14846794307231903,
    "p95": 0.14850446581840515
  },
  "rec_nll": 90869.4296875
}