{
  "rec_std": {
    "mean": 0.001447791000828147,
    "p95": 0.0014853476313874125
  },
  "emitter_std": {
    "mean": 0.1353953331708908,
    "p95": 0.13539659976959229
  },
  "lp_std": {
    "mean": 0.13590341806411743,
    "p95": 0.13590681552886963
  },
  "rec_nll": 34348.95703125
}