{
  "rec_std": {
    "mean": 0.0008843576651997864,
    "p95": 0.0009330611792393029
  },
  "emitter_std": {
    "mean": 0.13156157732009888,
    "p95": 0.1315668821334839
  },
  "lp_std": {
    "mean": 0.15228791534900665,
    "p95": 0.15299749374389648
  },
  "rec_nll": 92703.2265625
}