{
  "rec_std": {
    "mean": 0.29512062668800354,
    "p95": 0.655109167098999
  },
  "emitter_std": {
    "mean": 0.1289154291152954,
    "p95": 0.1290268450975418
  },
  "lp_std": {
    "mean": 0.12338525056838989,
    "p95": 0.12883250415325165
  },
  "psf_std": {
    "mean": 0.12892833352088928,
    "p95": 0.12893015146255493
  },
  "rec_nll": -1.1271947622299194
}