{
  "rec_std": {
    "mean": 0.04673342406749725,
    "p95": 0.06343482434749603
  },
  "emitter_std": {
    "mean": 0.13701286911964417,
    "p95": 0.13726122677326202
  },
  "rec_nll": 12.505136489868164
}