{
  "rec_std": {
    "mean": 0.0009293734328821301,
    "p95": 0.000973098271060735
  },
  "emitter_std": {
    "mean": 0.13444148004055023,
    "p95": 0.13444627821445465
  },
  "lp_std": {
    "mean": 0.14226867258548737,
    "p95": 0.14228874444961548
  },
  "rec_nll": 84031.6171875
}