{
  "rec_std": {
    "mean": 0.3091004490852356,
    "p95": 0.3758901357650757
  },
  "emitter_std": {
    "mean": 0.13450609147548676,
    "p95": 0.13452287018299103
  },
  "lp_std": {
    "mean": 0.13423489034175873,
    "p95": 0.1343059241771698
  },
  "psf_std": {
    "mean": 0.1346069723367691,
    "p95": 0.13460727035999298
  },
  "rec_nll": -0.9720227122306824
}