{
  "rec_std": {
    "mean": 0.27763041853904724,
    "p95": 1.028443694114685
  },
  "emitter_std": {
    "mean": 0.12545639276504517,
    "p95": 0.1256113052368164
  },
  "lp_std": {
    "mean": 0.11833958327770233,
    "p95": 0.12554624676704407
  },
  "psf_std": {
    "mean": 0.12556280195713043,
    "p95": 0.12556467950344086
  },
  "rec_nll": -1.13119375705719
}