{
  "rec_std": {
    "mean": 0.0009100419119931757,
    "p95": 0.0009544013300910592
  },
  "emitter_std": {
    "mean": 0.1336790919303894,
    "p95": 0.13368399441242218
  },
  "lp_std": {
    "mean": 0.14540335536003113,
    "p95": 0.1454295814037323
  },
  "rec_nll": 88339.1015625
}