{
  "rec_std": {
    "mean": 0.0010268152691423893,
    "p95": 0.001068553188815713
  },
  "emitter_std": {
    "mean": 0.1352931261062622,
    "p95": 0.13529610633850098
  },
  "lp_std": {
    "mean": 0.13715994358062744,
    "p95": 0.13717271387577057
  },
  "rec_nll": 65379.95703125
}