{
  "rec_std": {
    "mean": 0.018045995384454727,
    "p95": 0.0537404865026474
  },
  "lp_std": {
    "mean": 0.1375446319580078,
    "p95": 0.13763798773288727
  },
  "rec_nll": 75.5811996459961
}