{
  "rec_std": {
    "mean": 0.000942173704970628,
    "p95": 0.0009855617536231875
  },
  "emitter_std": {
    "mean": 0.13476550579071045,
    "p95": 0.1347701996564865
  },
  "lp_std": {
    "mean": 0.1406845897436142,
    "p95": 0.14070165157318115
  },
  "rec_nll": 81415.8203125
}