{
  "rec_std": {
    "mean": 0.0008797610644251108,
    "p95": 0.0009343715501017869
  },
  "emitter_std": {
    "mean": 0.13074342906475067,
    "p95": 0.13074864447116852
  },
  "lp_std": {
    "mean": 0.15461397171020508,
    "p95": 0.15653009712696075
  },
  "rec_nll": 93857.4140625
}