{
  "rec_std": {
    "mean": 0.0009158584289252758,
    "p95": 0.0009599754121154547
  },
  "emitter_std": {
    "mean": 0.13395409286022186,
    "p95": 0.13395904004573822
  },
  "lp_std": {
    "mean": 0.14434362947940826,
    "p95": 0.1443691849708557
  },
  "rec_nll": 87070.390625
}