{
  "rec_std": {
    "mean": 0.0008938659448176622,
    "p95": 0.0009383701253682375
  },
  "emitter_std": {
    "mean": 0.1325587034225464,
    "p95": 0.13256411254405975
  },
  "lp_std": {
    "mean": 0.14924657344818115,
    "p95": 0.1492907851934433
  },
  "rec_nll": 91481.125
}