{
  "rec_std": {
    "mean": 0.0008828779100440443,
    "p95": 0.0009517963626421988
  },
  "emitter_std": {
    "mean": 0.1307140737771988,
    "p95": 0.13071908056735992
  },
  "lp_std": {
    "mean": 0.1546974927186966,
    "p95": 0.15731093287467957
  },
  "rec_nll": 93491.9765625
}