{
  "rec_std": {
    "mean": 0.0013189476449042559,
    "p95": 0.001382277230732143
  },
  "emitter_std": {
    "mean": 0.13538645207881927,
    "p95": 0.13538800179958344
  },
  "lp_std": {
    "mean": 0.13606500625610352,
    "p95": 0.13607917726039886
  },
  "rec_nll": 41155.5625
}