{
  "rec_std": {
    "mean": 0.3316921889781952,
    "p95": 1.3043731451034546
  },
  "emitter_std": {
    "mean": 0.13294409215450287,
    "p95": 0.13302429020404816
  },
  "lp_std": {
    "mean": 0.13077840209007263,
    "p95": 0.1324433982372284
  },
  "psf_std": {
    "mean": 0.1330062597990036,
    "p95": 0.13300618529319763
  },
  "rec_nll": -1.0256692171096802
}