{
  "rec_std": {
    "mean": 0.04195670410990715,
    "p95": 0.058749958872795105
  },
  "emitter_std": {
    "mean": 0.1365346908569336,
    "p95": 0.13672049343585968
  },
  "rec_nll": 11.781384468078613
}