{
  "rec_std": {
    "mean": 0.2765776813030243,
    "p95": 0.5486257076263428
  },
  "emitter_std": {
    "mean": 0.12585918605327606,
    "p95": 0.12599018216133118
  },
  "lp_std": {
    "mean": 0.11878035217523575,
    "p95": 0.125919908285141
  },
  "psf_std": {
    "mean": 0.12593917548656464,
    "p95": 0.12594081461429596
  },
  "rec_nll": -1.1250818967819214
}