{
  "rec_std": {
    "mean": 0.03132035210728645,
    "p95": 0.08827587217092514
  },
  "lp_std": {
    "mean": 0.14460264146327972,
    "p95": 0.14498098194599152
  },
  "rec_nll": 406.2116394042969
}