{
  "rec_std": {
    "mean": 0.0008860437083058059,
    "p95": 0.0009327095467597246
  },
  "emitter_std": {
    "mean": 0.131838858127594,
    "p95": 0.13184410333633423
  },
  "lp_std": {
    "mean": 0.15146474540233612,
    "p95": 0.15161274373531342
  },
  "rec_nll": 92831.546875
}