{
  "rec_std": {
    "mean": 0.0009340580436401069,
    "p95": 0.0009812695207074285
  },
  "emitter_std": {
    "mean": 0.13460569083690643,
    "p95": 0.13461096584796906
  },
  "lp_std": {
    "mean": 0.14149664342403412,
    "p95": 0.14153540134429932
  },
  "rec_nll": 82588.265625
}