{
  "rec_std": {
    "mean": 0.0008910307078622282,
    "p95": 0.0009356734808534384
  },
  "emitter_std": {
    "mean": 0.13236457109451294,
    "p95": 0.132369726896286
  },
  "lp_std": {
    "mean": 0.1498618870973587,
    "p95": 0.14990544319152832
  },
  "rec_nll": 92493.7265625
}