{
  "rec_std": {
    "mean": 0.0008809356368146837,
    "p95": 0.0009423003066331148
  },
  "emitter_std": {
    "mean": 0.13072872161865234,
    "p95": 0.1307339370250702
  },
  "lp_std": {
    "mean": 0.1546553522348404,
    "p95": 0.15689325332641602
  },
  "rec_nll": 93782.375
}