{
  "rec_std": {
    "mean": 0.022041235119104385,
    "p95": 0.08331125229597092
  },
  "lp_std": {
    "mean": 0.14219947159290314,
    "p95": 0.14258678257465363
  },
  "rec_nll": 8802.794921875
}