{
  "rec_std": {
    "mean": 0.000993880326859653,
    "p95": 0.001035982626490295
  },
  "emitter_std": {
    "mean": 0.13521870970726013,
    "p95": 0.13522252440452576
  },
  "lp_std": {
    "mean": 0.137806698679924,
    "p95": 0.1378207951784134
  },
  "rec_nll": 68731.3671875
}