{
  "rec_std": {
    "mean": 0.0009982470655813813,
    "p95": 0.0010401367908343673
  },
  "emitter_std": {
    "mean": 0.1352333277463913,
    "p95": 0.1352367401123047
  },
  "lp_std": {
    "mean": 0.13768534362316132,
    "p95": 0.1377001255750656
  },
  "rec_nll": 69352.78125
}