{
  "rec_std": {
    "mean": 0.0009003643062897027,
    "p95": 0.0009447385091334581
  },
  "emitter_std": {
    "mean": 0.1330808401107788,
    "p95": 0.13308590650558472
  },
  "lp_std": {
    "mean": 0.14752675592899323,
    "p95": 0.1475563794374466
  },
  "rec_nll": 90290.9296875
}