{
  "rec_std": {
    "mean": 0.3149040639400482,
    "p95": 0.7865824699401855
  },
  "emitter_std": {
    "mean": 0.13390131294727325,
    "p95": 0.133935809135437
  },
  "lp_std": {
    "mean": 0.13377709686756134,
    "p95": 0.13452470302581787
  },
  "psf_std": {
    "mean": 0.13402840495109558,
    "p95": 0.1340286284685135
  },
  "rec_nll": -0.9762097597122192
}