{
  "rec_std": {
    "mean": 0.0008897907682694495,
    "p95": 0.0009346000151708722
  },
  "emitter_std": {
    "mean": 0.13224531710147858,
    "p95": 0.1322503387928009
  },
  "lp_std": {
    "mean": 0.15023143589496613,
    "p95": 0.1502818465232849
  },
  "rec_nll": 92913.7578125
}