{
  "rec_std": {
    "mean": 0.0015517727006226778,
    "p95": 0.0016038764733821154
  },
  "emitter_std": {
    "mean": 0.13540013134479523,
    "p95": 0.13540174067020416
  },
  "lp_std": {
    "mean": 0.13578245043754578,
    "p95": 0.135787233710289
  },
  "rec_nll": 29355.892578125
}