{
  "rec_std": {
    "mean": 0.0009760020184330642,
    "p95": 0.0010182262631133199
  },
  "emitter_std": {
    "mean": 0.13513801991939545,
    "p95": 0.1351412683725357
  },
  "lp_std": {
    "mean": 0.1384139060974121,
    "p95": 0.13842922449111938
  },
  "rec_nll": 74383.9140625
}