{
  "rec_std": {
    "mean": 0.0008799306815490127,
    "p95": 0.0009372028289362788
  },
  "emitter_std": {
    "mean": 0.13100633025169373,
    "p95": 0.13101230561733246
  },
  "lp_std": {
    "mean": 0.1538819968700409,
    "p95": 0.15493208169937134
  },
  "rec_nll": 93215.1796875
}