{
  "rec_std": {
    "mean": 0.0009024305618368089,
    "p95": 0.0009468301432207227
  },
  "emitter_std": {
    "mean": 0.1331995129585266,
    "p95": 0.1332045942544937
  },
  "lp_std": {
    "mean": 0.1471179574728012,
    "p95": 0.14714594185352325
  },
  "rec_nll": 89998.34375
}