{
  "rec_std": {
    "mean": 0.28998464345932007,
    "p95": 0.8111774325370789
  },
  "emitter_std": {
    "mean": 0.1259983777999878,
    "p95": 0.1261802762746811
  },
  "lp_std": {
    "mean": 0.11910754442214966,
    "p95": 0.12614384293556213
  },
  "psf_std": {
    "mean": 0.12612618505954742,
    "p95": 0.1261281818151474
  },
  "rec_nll": -1.1685659885406494
}