{
  "rec_std": {
    "mean": 0.30709174275398254,
    "p95": 0.7493967413902283
  },
  "emitter_std": {
    "mean": 0.1313595175743103,
    "p95": 0.13144050538539886
  },
  "lp_std": {
    "mean": 0.12725886702537537,
    "p95": 0.13026940822601318
  },
  "psf_std": {
    "mean": 0.13131804764270782,
    "p95": 0.13131770491600037
  },
  "rec_nll": -1.0567569732666016
}