{
  "rec_std": {
    "mean": 0.044520989060401917,
    "p95": 0.06050236150622368
  },
  "emitter_std": {
    "mean": 0.1369234025478363,
    "p95": 0.1372414529323578
  },
  "rec_nll": 5.981789588928223
}