{
  "rec_std": {
    "mean": 0.2843984067440033,
    "p95": 0.36757320165634155
  },
  "emitter_std": {
    "mean": 0.1297660768032074,
    "p95": 0.1298334151506424
  },
  "lp_std": {
    "mean": 0.12458770722150803,
    "p95": 0.12928907573223114
  },
  "psf_std": {
    "mean": 0.12971457839012146,
    "p95": 0.12971636652946472
  },
  "rec_nll": -1.039166808128357
}