{
  "rec_std": {
    "mean": 0.04730423539876938,
    "p95": 0.06439157575368881
  },
  "emitter_std": {
    "mean": 0.13700968027114868,
    "p95": 0.13722717761993408
  },
  "rec_nll": 10.316248893737793
}