{
  "rec_std": {
    "mean": 0.0008803467499092221,
    "p95": 0.0009386232122778893
  },
  "emitter_std": {
    "mean": 0.13080227375030518,
    "p95": 0.13080769777297974
  },
  "lp_std": {
    "mean": 0.15445230901241302,
    "p95": 0.15614837408065796
  },
  "rec_nll": 93141.171875
}