{
  "rec_std": {
    "mean": 0.0009260931401513517,
    "p95": 0.0009707320714369416
  },
  "emitter_std": {
    "mean": 0.13436073064804077,
    "p95": 0.13436570763587952
  },
  "lp_std": {
    "mean": 0.1426345556974411,
    "p95": 0.14265668392181396
  },
  "rec_nll": 84472.15625
}