{
  "rec_std": {
    "mean": 0.0008816238259896636,
    "p95": 0.0009327781735919416
  },
  "emitter_std": {
    "mean": 0.13112199306488037,
    "p95": 0.13112758100032806
  },
  "lp_std": {
    "mean": 0.15355700254440308,
    "p95": 0.15472127497196198
  },
  "rec_nll": 92477.5234375
}