{
  "rec_std": {
    "mean": 0.0009001728612929583,
    "p95": 0.0009446110925637186
  },
  "emitter_std": {
    "mean": 0.1330566108226776,
    "p95": 0.13306163251399994
  },
  "lp_std": {
    "mean": 0.14760856330394745,
    "p95": 0.14763987064361572
  },
  "rec_nll": 90385.1875
}