{
  "rec_std": {
    "mean": 0.0008818295900709927,
    "p95": 0.0009323733393102884
  },
  "emitter_std": {
    "mean": 0.1313786506652832,
    "p95": 0.13138440251350403
  },
  "lp_std": {
    "mean": 0.15282100439071655,
    "p95": 0.15348950028419495
  },
  "rec_nll": 92796.828125
}