{
  "rec_std": {
    "mean": 0.0008834725595079362,
    "p95": 0.000932077644392848
  },
  "emitter_std": {
    "mean": 0.13154760003089905,
    "p95": 0.13155333697795868
  },
  "lp_std": {
    "mean": 0.1523285210132599,
    "p95": 0.15280212461948395
  },
  "rec_nll": 92859.8984375
}