{
  "rec_std": {
    "mean": 0.0009211553260684013,
    "p95": 0.0009685534751042724
  },
  "emitter_std": {
    "mean": 0.1341727077960968,
    "p95": 0.13417762517929077
  },
  "lp_std": {
    "mean": 0.14344802498817444,
    "p95": 0.14349624514579773
  },
  "rec_nll": 85473.3515625
}