{
  "rec_std": {
    "mean": 0.0009325565188191831,
    "p95": 0.0009791589109227061
  },
  "emitter_std": {
    "mean": 0.1345718502998352,
    "p95": 0.13457682728767395
  },
  "lp_std": {
    "mean": 0.141659215092659,
    "p95": 0.1417011171579361
  },
  "rec_nll": 83312.3359375
}