{
  "rec_std": {
    "mean": 0.0008993378723971546,
    "p95": 0.0009436533437110484
  },
  "emitter_std": {
    "mean": 0.13298366963863373,
    "p95": 0.1329888105392456
  },
  "lp_std": {
    "mean": 0.14785395562648773,
    "p95": 0.14788606762886047
  },
  "rec_nll": 90550.875
}