{
  "rec_std": {
    "mean": 0.0009814243530854583,
    "p95": 0.0010232027852907777
  },
  "emitter_std": {
    "mean": 0.1351659744977951,
    "p95": 0.13516946136951447
  },
  "lp_std": {
    "mean": 0.1382114142179489,
    "p95": 0.13822658360004425
  },
  "rec_nll": 72547.0078125
}