{
  "rec_std": {
    "mean": 0.04246963560581207,
    "p95": 0.05696334317326546
  },
  "emitter_std": {
    "mean": 0.13696035742759705,
    "p95": 0.13722921907901764
  },
  "rec_nll": 6.096580505371094
}