{
  "rec_std": {
    "mean": 0.29717689752578735,
    "p95": 0.9842080473899841
  },
  "emitter_std": {
    "mean": 0.12749749422073364,
    "p95": 0.12766402959823608
  },
  "lp_std": {
    "mean": 0.1214057132601738,
    "p95": 0.12757755815982819
  },
  "psf_std": {
    "mean": 0.12758703529834747,
    "p95": 0.1275893896818161
  },
  "rec_nll": -1.023998498916626
}