{
  "rec_std": {
    "mean": 0.0009011262445710599,
    "p95": 0.0009452959639020264
  },
  "emitter_std": {
    "mean": 0.13312844932079315,
    "p95": 0.13313330709934235
  },
  "lp_std": {
    "mean": 0.14736315608024597,
    "p95": 0.14739271998405457
  },
  "rec_nll": 90410.8125
}