{
  "rec_std": {
    "mean": 0.0009111762046813965,
    "p95": 0.0009575685253366828
  },
  "emitter_std": {
    "mean": 0.13374410569667816,
    "p95": 0.1337491124868393
  },
  "lp_std": {
    "mean": 0.14515860378742218,
    "p95": 0.1452111005783081
  },
  "rec_nll": 87982.4375
}