{
  "rec_std": {
    "mean": 0.00089072942500934,
    "p95": 0.000935524411033839
  },
  "emitter_std": {
    "mean": 0.1323382556438446,
    "p95": 0.1323433816432953
  },
  "lp_std": {
    "mean": 0.14994396269321442,
    "p95": 0.14999178051948547
  },
  "rec_nll": 92372.7734375
}