{
  "rec_std": {
    "mean": 0.0009313344489783049,
    "p95": 0.000975555507466197
  },
  "emitter_std": {
    "mean": 0.13453775644302368,
    "p95": 0.13454243540763855
  },
  "lp_std": {
    "mean": 0.14182168245315552,
    "p95": 0.1418413668870926
  },
  "rec_nll": 83859.78125
}