{
  "rec_std": {
    "mean": 0.0009145155199803412,
    "p95": 0.0009584120707586408
  },
  "emitter_std": {
    "mean": 0.13389261066913605,
    "p95": 0.1338978111743927
  },
  "lp_std": {
    "mean": 0.14458811283111572,
    "p95": 0.14461317658424377
  },
  "rec_nll": 86701.640625
}