{
  "rec_std": {
    "mean": 0.023587321862578392,
    "p95": 0.07261228561401367
  },
  "lp_std": {
    "mean": 0.13648109138011932,
    "p95": 0.13659606873989105
  },
  "rec_nll": 70.93791961669922
}