{
  "rec_std": {
    "mean": 0.0017487987643107772,
    "p95": 0.0018101022578775883
  },
  "emitter_std": {
    "mean": 0.13539962470531464,
    "p95": 0.13540317118167877
  },
  "lp_std": {
    "mean": 0.13558126986026764,
    "p95": 0.1355849802494049
  },
  "rec_nll": 19989.373046875
}