{
  "rec_std": {
    "mean": 0.0009698640787974,
    "p95": 0.0010123566025868058
  },
  "emitter_std": {
    "mean": 0.1350977122783661,
    "p95": 0.13510164618492126
  },
  "lp_std": {
    "mean": 0.13869750499725342,
    "p95": 0.13871370255947113
  },
  "rec_nll": 74093.6171875
}