{
  "rec_std": {
    "mean": 0.0009408043115399778,
    "p95": 0.0009839108679443598
  },
  "emitter_std": {
    "mean": 0.13474249839782715,
    "p95": 0.1347469687461853
  },
  "lp_std": {
    "mean": 0.1408064067363739,
    "p95": 0.14082303643226624
  },
  "rec_nll": 81770.4453125
}