{
  "rec_std": {
    "mean": 0.0009196327882818878,
    "p95": 0.0009636938921175897
  },
  "emitter_std": {
    "mean": 0.13408471643924713,
    "p95": 0.13408994674682617
  },
  "lp_std": {
    "mean": 0.143814355134964,
    "p95": 0.1438387781381607
  },
  "rec_nll": 85860.5703125
}