{
  "rec_std": {
    "mean": 0.3057757019996643,
    "p95": 0.3717062473297119
  },
  "emitter_std": {
    "mean": 0.1341588944196701,
    "p95": 0.13418136537075043
  },
  "lp_std": {
    "mean": 0.13377462327480316,
    "p95": 0.13389568030834198
  },
  "psf_std": {
    "mean": 0.13428275287151337,
    "p95": 0.1342831552028656
  },
  "rec_nll": -0.979368269443512
}