{
  "rec_std": {
    "mean": 0.0009251345763914287,
    "p95": 0.0009696923079900444
  },
  "emitter_std": {
    "mean": 0.13433320820331573,
    "p95": 0.13433830440044403
  },
  "lp_std": {
    "mean": 0.14275656640529633,
    "p95": 0.1427900344133377
  },
  "rec_nll": 84672.9609375
}