{
  "rec_std": {
    "mean": 0.0008858740911819041,
    "p95": 0.000932127411942929
  },
  "emitter_std": {
    "mean": 0.13185268640518188,
    "p95": 0.1318579614162445
  },
  "lp_std": {
    "mean": 0.15142345428466797,
    "p95": 0.15151840448379517
  },
  "rec_nll": 92927.3359375
}