{
  "rec_std": {
    "mean": 0.0009103342308662832,
    "p95": 0.0009546071523800492
  },
  "emitter_std": {
    "mean": 0.1337009221315384,
    "p95": 0.13370582461357117
  },
  "lp_std": {
    "mean": 0.14532175660133362,
    "p95": 0.1453474462032318
  },
  "rec_nll": 88094.4609375
}