{
  "rec_std": {
    "mean": 0.2798844277858734,
    "p95": 0.4173910617828369
  },
  "emitter_std": {
    "mean": 0.12593036890029907,
    "p95": 0.12608416378498077
  },
  "lp_std": {
    "mean": 0.11891071498394012,
    "p95": 0.126023069024086
  },
  "psf_std": {
    "mean": 0.12603282928466797,
    "p95": 0.12603476643562317
  },
  "rec_nll": -1.1556438207626343
}