{
  "rec_std": {
    "mean": 0.0008831540471874177,
    "p95": 0.0009333477937616408
  },
  "emitter_std": {
    "mean": 0.13135026395320892,
    "p95": 0.13135558366775513
  },
  "lp_std": {
    "mean": 0.15290376543998718,
    "p95": 0.1539389193058014
  },
  "rec_nll": 92369.3515625
}