{
  "rec_std": {
    "mean": 0.0009194230660796165,
    "p95": 0.0009667280246503651
  },
  "emitter_std": {
    "mean": 0.13407482206821442,
    "p95": 0.13408009707927704
  },
  "lp_std": {
    "mean": 0.1438550502061844,
    "p95": 0.14390774071216583
  },
  "rec_nll": 85883.7265625
}