{
  "rec_std": {
    "mean": 0.34899061918258667,
    "p95": 1.5507121086120605
  },
  "emitter_std": {
    "mean": 0.13252903521060944,
    "p95": 0.1326393187046051
  },
  "lp_std": {
    "mean": 0.12987427413463593,
    "p95": 0.13233579695224762
  },
  "psf_std": {
    "mean": 0.13256244361400604,
    "p95": 0.13256250321865082
  },
  "rec_nll": -1.0362998247146606
}