{
  "rec_std": {
    "mean": 0.02850659191608429,
    "p95": 0.08367863297462463
  },
  "lp_std": {
    "mean": 0.14428773522377014,
    "p95": 0.14461274445056915
  },
  "rec_nll": 377.21673583984375
}