{
  "rec_std": {
    "mean": 0.28101494908332825,
    "p95": 0.5007795691490173
  },
  "emitter_std": {
    "mean": 0.13002970814704895,
    "p95": 0.13008973002433777
  },
  "lp_std": {
    "mean": 0.1249743178486824,
    "p95": 0.1287342607975006
  },
  "psf_std": {
    "mean": 0.12996283173561096,
    "p95": 0.12996450066566467
  },
  "rec_nll": -0.9959326386451721
}