{
  "rec_std": {
    "mean": 0.0009167634998448193,
    "p95": 0.0009605575469322503
  },
  "emitter_std": {
    "mean": 0.13398458063602448,
    "p95": 0.13398940861225128
  },
  "lp_std": {
    "mean": 0.14422151446342468,
    "p95": 0.14424382150173187
  },
  "rec_nll": 86140.3046875
}