{
  "rec_std": {
    "mean": 0.03499358147382736,
    "p95": 0.10976304858922958
  },
  "lp_std": {
    "mean": 0.14096467196941376,
    "p95": 0.14123088121414185
  },
  "rec_nll": 4012.983642578125
}