{
  "rec_std": {
    "mean": 0.0009628117550164461,
    "p95": 0.0010053636506199837
  },
  "emitter_std": {
    "mean": 0.13503693044185638,
    "p95": 0.1350410133600235
  },
  "lp_std": {
    "mean": 0.13910269737243652,
    "p95": 0.13911814987659454
  },
  "rec_nll": 75520.328125
}