{
  "rec_std": {
    "mean": 0.0008852630271576345,
    "p95": 0.0009560107719153166
  },
  "emitter_std": {
    "mean": 0.13052165508270264,
    "p95": 0.1305270940065384
  },
  "lp_std": {
    "mean": 0.15522170066833496,
    "p95": 0.15835128724575043
  },
  "rec_nll": 92530.5625
}