{
  "rec_std": {
    "mean": 0.029287850484251976,
    "p95": 0.08289402723312378
  },
  "lp_std": {
    "mean": 0.14385412633419037,
    "p95": 0.1440785974264145
  },
  "rec_nll": 1689.7965087890625
}