{
  "rec_std": {
    "mean": 0.0009540685568936169,
    "p95": 0.0009971611434593797
  },
  "emitter_std": {
    "mean": 0.13494610786437988,
    "p95": 0.13495038449764252
  },
  "lp_std": {
    "mean": 0.13967029750347137,
    "p95": 0.1396864652633667
  },
  "rec_nll": 77923.640625
}