{
  "rec_std": {
    "mean": 0.27813664078712463,
    "p95": 0.3732527792453766
  },
  "emitter_std": {
    "mean": 0.12731918692588806,
    "p95": 0.12740318477153778
  },
  "lp_std": {
    "mean": 0.12089172750711441,
    "p95": 0.12729184329509735
  },
  "psf_std": {
    "mean": 0.12732769548892975,
    "p95": 0.12733051180839539
  },
  "rec_nll": -1.0855071544647217
}