{
  "rec_std": {
    "mean": 0.0009065800695680082,
    "p95": 0.0009510356467217207
  },
  "emitter_std": {
    "mean": 0.13344459235668182,
    "p95": 0.13344965875148773
  },
  "lp_std": {
    "mean": 0.14626014232635498,
    "p95": 0.1462881863117218
  },
  "rec_nll": 89097.84375
}