{
  "rec_std": {
    "mean": 0.0009034723625518382,
    "p95": 0.000947902793996036
  },
  "emitter_std": {
    "mean": 0.1332825869321823,
    "p95": 0.13328751921653748
  },
  "lp_std": {
    "mean": 0.14683188498020172,
    "p95": 0.1468578577041626
  },
  "rec_nll": 89824.6640625
}