{
  "rec_std": {
    "mean": 0.0008808451239019632,
    "p95": 0.0009302315302193165
  },
  "emitter_std": {
    "mean": 0.1311793476343155,
    "p95": 0.1311851143836975
  },
  "lp_std": {
    "mean": 0.15339305996894836,
    "p95": 0.15414878726005554
  },
  "rec_nll": 93028.1875
}