{
  "rec_std": {
    "mean": 0.0010326451156288385,
    "p95": 0.0010724863968789577
  },
  "emitter_std": {
    "mean": 0.13530142605304718,
    "p95": 0.13530433177947998
  },
  "lp_std": {
    "mean": 0.1370791345834732,
    "p95": 0.13708539307117462
  },
  "rec_nll": 64814.01953125
}