{
  "rec_std": {
    "mean": 0.286811500787735,
    "p95": 0.7020719647407532
  },
  "emitter_std": {
    "mean": 0.1295919269323349,
    "p95": 0.1296636015176773
  },
  "lp_std": {
    "mean": 0.12437610328197479,
    "p95": 0.12941597402095795
  },
  "psf_std": {
    "mean": 0.12954774498939514,
    "p95": 0.12954960763454437
  },
  "rec_nll": -1.0334244966506958
}