{
  "rec_std": {
    "mean": 0.001906386110931635,
    "p95": 0.002053439849987626
  },
  "emitter_std": {
    "mean": 0.13538657128810883,
    "p95": 0.13539685308933258
  },
  "lp_std": {
    "mean": 0.1354604810476303,
    "p95": 0.13546456396579742
  },
  "rec_nll": 10265.3759765625
}