{
  "rec_std": {
    "mean": 0.0009030403452925384,
    "p95": 0.0009476476116105914
  },
  "emitter_std": {
    "mean": 0.13324718177318573,
    "p95": 0.13325242698192596
  },
  "lp_std": {
    "mean": 0.14695443212985992,
    "p95": 0.14698314666748047
  },
  "rec_nll": 89566.671875
}