{
  "rec_std": {
    "mean": 0.0010296826949343085,
    "p95": 0.0010723425075411797
  },
  "emitter_std": {
    "mean": 0.1352972686290741,
    "p95": 0.13530023396015167
  },
  "lp_std": {
    "mean": 0.13711953163146973,
    "p95": 0.13713401556015015
  },
  "rec_nll": 65101.6484375
}