{
  "rec_std": {
    "mean": 0.03413267061114311,
    "p95": 0.10318776965141296
  },
  "lp_std": {
    "mean": 0.14279310405254364,
    "p95": 0.14303556084632874
  },
  "rec_nll": 2421.97119140625
}