{
  "rec_std": {
    "mean": 0.0009394296212121844,
    "p95": 0.0009832784999161959
  },
  "emitter_std": {
    "mean": 0.13471923768520355,
    "p95": 0.1347237229347229
  },
  "lp_std": {
    "mean": 0.14092816412448883,
    "p95": 0.14094610512256622
  },
  "rec_nll": 82148.71875
}