{
  "rec_std": {
    "mean": 0.000881244137417525,
    "p95": 0.0009311369503848255
  },
  "emitter_std": {
    "mean": 0.13125096261501312,
    "p95": 0.13125647604465485
  },
  "lp_std": {
    "mean": 0.15318894386291504,
    "p95": 0.15387845039367676
  },
  "rec_nll": 93288.8125
}