{
  "rec_std": {
    "mean": 0.0008858618093654513,
    "p95": 0.0009314546477980912
  },
  "emitter_std": {
    "mean": 0.13188010454177856,
    "p95": 0.1318853199481964
  },
  "lp_std": {
    "mean": 0.15134117007255554,
    "p95": 0.15140880644321442
  },
  "rec_nll": 93147.3515625
}