{
  "rec_std": {
    "mean": 0.0009387846803292632,
    "p95": 0.000982555327937007
  },
  "emitter_std": {
    "mean": 0.13470347225666046,
    "p95": 0.13470827043056488
  },
  "lp_std": {
    "mean": 0.1410093456506729,
    "p95": 0.14102701842784882
  },
  "rec_nll": 81768.234375
}